id,title,url
#1248,贝利尔对策篇,https://wx3.sinaimg.cn/mw690/89cad473gy1g0l8jyk4wdj20hi24o7wh.jpg
#1249,联合军对堕天司群！篇,https://wx1.sinaimg.cn/mw690/89cad473gy1g0s95h2npuj20hi24ohdt.jpg
#1250,被包围的菲力,https://wx4.sinaimg.cn/mw690/89cad473gy1g0saf2kichj20hi24okjl.jpg
#1251,米琳的观察,https://wx1.sinaimg.cn/mw690/89cad473gy1g0sawwjlq1j20hi24okjl.jpg
#1252,破壁篇,https://wx3.sinaimg.cn/mw690/89cad473gy1g0sbbbm621j20hi24ob29.jpg
#1253,被卷入黑暗中的二人篇,http://wx2.sinaimg.cn/large/89cad473gy1g0tbb4ucvaj20hi24oe81.jpg
#1255,四大天司的翅膀篇,https://wx3.sinaimg.cn/mw690/89cad473gy1g0vpnx1vsaj20hi24ox2f.jpg
#1256,5周年纪念篇,https://wx3.sinaimg.cn/mw690/89cad473gy1g0xxb3w9klj20hi24onkn.jpg
#1257,坠落的贝利尔篇,https://wx4.sinaimg.cn/mw690/89cad473gy1g0z780g8jqj20hi24ottl.jpg
#1260,我来做你的对手！篇,https://wx3.sinaimg.cn/mw690/89cad473gy1g13maqg989j20hi24qb2a.jpg
#1261,十二枚羽翼的战斗篇,https://wx1.sinaimg.cn/mw690/89cad473gy1g13nzji9euj20hi24oako.jpg
#1262,泳装与最终决战篇,https://wx4.sinaimg.cn/mw690/89cad473ly1g176eidyv1j20hi24owph.jpg
#1263,贝利尔，消失在虹光之中篇,https://wx4.sinaimg.cn/mw690/89cad473ly1g17zdrazm2j20mh2qfqj7.jpg
#1264,用笑脸说我出发了！ 篇,https://wx4.sinaimg.cn/mw690/89cad473ly1g196ipv2ewj20hi24ottq.jpg
#1265,异端·嘿呀 篇,https://wx2.sinaimg.cn/mw690/89cad473ly1g1bw4mavr4j20hj24ptwd.jpg
#1266,十天众会议 篇,https://wx2.sinaimg.cn/mw690/89cad473ly1g1eyyuggqsj20u03ndu0y.jpg
#1267,教教我 man！ 篇,https://wx1.sinaimg.cn/mw690/89cad473ly1g1g2dkrcnuj20u03nde82.jpg
#1268,吸血鬼姐姐不擅长做料理,https://wx4.sinaimg.cn/mw690/89cad473ly1g1hi527hddj20hi24onpd.jpg
#1269,瓦尔弗里德登场篇,https://wx2.sinaimg.cn/mw690/89cad473ly1g1ij94y341j20hi24o4lc.jpg
#1270,friday登场篇,https://wx1.sinaimg.cn/mw690/89cad473gy1g1jxp0mxhcj20hi24on83.jpg
#1271,散步中的遭遇篇,https://wx3.sinaimg.cn/mw690/89cad473gy1g1lviadejyj20hi24o7g6.jpg
#1272,榭洛排行榜篇,https://wx1.sinaimg.cn/mw690/89cad473gy1g1mwlz5rtaj20d51lhdy9.jpg
#1273,学园的瓦桑篇,https://wx4.sinaimg.cn/mw690/89cad473gy1g1oc6iv299j20d51lh4fy.jpg
#1274,谁的兴趣……？篇,https://wx2.sinaimg.cn/mw690/89cad473gy1g1pobch7hxj20hi24o4ap.jpg
#1275,禁断的女生房间篇,https://wx2.sinaimg.cn/mw690/89cad473gy1g1qh3rgu62j20d51lh7mb.jpg
#1276,筋肉美！筋肉猩猩篇,https://wx4.sinaimg.cn/mw690/89cad473gy1g1rzy6aeqwj20hi24o4lp.jpg
#1277,精神力的颤动篇,https://wx1.sinaimg.cn/mw690/89cad473gy1g1v62ez2uwj20hi24k4gt.jpg
#1278,艾琳的冰雕篇,https://wx1.sinaimg.cn/mw690/89cad473gy1g1wh5zlu8cj20hi24k1kx.jpg
#1279,友好的问候篇,https://wx4.sinaimg.cn/mw690/89cad473ly1g1xfq80aqnj20hi24k144.jpg
#1280,克里斯塔利亚的公主们 篇,https://wx2.sinaimg.cn/mw1024/89cad473gy1g224fivohoj20hi24oe81.jpg
#1281,合体召唤篇,https://wx1.sinaimg.cn/mw690/89cad473gy1g1zu6kp8thj20hi24k1kx.jpg
#1282,格里——————姆尼尔！！篇,https://wx4.sinaimg.cn/mw690/89cad473gy1g23mu73jbnj20hi24onp4.jpg
#1283,玛裘拉·玛里乌斯篇,https://wx1.sinaimg.cn/mw690/89cad473ly1g24ea6yc6pj20hi24k1kx.jpg
#1284,究极不变恶灭善护篇,https://wx2.sinaimg.cn/mw690/89cad473ly1g25i49pcolj20hi24k4a2.jpg
#1285,Fall of 碧篇,https://wx1.sinaimg.cn/mw690/89cad473gy1g273k408rfj20hi24o7fm.jpg
#1286,全自动麻将篇,https://wx2.sinaimg.cn/mw690/89cad473gy1g27vt54zhij20hi24kkgz.jpg
#1287,优美！库柏勒篇,https://wx4.sinaimg.cn/mw690/89cad473gy1g2bg6brisaj20hi24k1kx.jpg
#1288,教教我！玛姬莎篇,https://wx4.sinaimg.cn/mw690/89cad473gy1g2cgrtnm1yj20hi24kx19.jpg
#1289,卡泽里拉登场篇,https://wx2.sinaimg.cn/mw690/89cad473ly1g2eov7mnk7j20hi24k1kx.jpg
#1290,哈泽里拉登场篇,https://wx1.sinaimg.cn/mw690/89cad473ly1g2erhldw5tj20hi24knod.jpg
#1291,满杯的均衡篇,https://wx4.sinaimg.cn/mw690/89cad473gy1g2j9ffgnkoj20hi24kx1y.jpg
#1292,去找核心吧！篇,https://wx2.sinaimg.cn/mw690/89cad473gy1g2n8a84oi7j20hi24o1e4.jpg
#1293,星友！篇,https://wx3.sinaimg.cn/mw690/89cad473gy1g2n9ulz6t8j20hi24o4mf.jpg
#1294,加入谈话的雅典娜篇,https://wx1.sinaimg.cn/mw690/89cad473gy1g2nb77062hj20hi24okeu.jpg
#1295,理查德的赌博篇,https://wx1.sinaimg.cn/mw690/89cad473gy1g2ojcheixnj20hi24o4qp.jpg
#1296,吸收！吉欧篇,https://wx3.sinaimg.cn/mw690/89cad473gy1g2spgu32wnj20hi24ktpu.jpg
#1297,戈尔贡姐姐篇,https://wx4.sinaimg.cn/mw690/89cad473gy1g2ubkic8ojj20hi24o1kx.jpg
#1298,佐伊&吉欧篇,https://wx1.sinaimg.cn/mw690/89cad473gy1g2v166sccqj20hi24knl9.jpg
#1299,蕾·菲耶篇,https://wx2.sinaimg.cn/mw690/89cad473gy1g2xb1ebzh4j20hi24oki4.jpg
