name,trans
グラン,古兰
ジータ,姬塔
黒騎士,黑骑士
ロゼッタ,萝赛塔
ルリア,露莉亚
リーシャ,莉夏
モニカ,莫妮卡
ラカム,拉卡姆
ビィ,碧
ビィとルリア,碧与露莉亚
カタリナ,卡塔莉娜
オルキス,欧尔姬丝
オーキス,欧姬丝
オイゲン,欧根
イオ,伊欧
ニオ,妮欧
ポンメルン,伯梅伦
ヒドラ,海德拉
シェロカルテ,榭洛科特
ドランク,德朗克
スツルム,斯特姆
ゼタ,泽塔
マギサ,玛姬莎
ハレゼナ,哈雷泽娜
バザラガ,巴萨拉卡
ヴィーラ,维拉
ヘルエス,赫尔艾斯
セルエル,塞鲁艾尔
シャルロッテ,夏洛特
メリッサベル,梅丽莎贝尔
ジャンヌダルク,贞德
メーテラ,美黛拉
ヴァイト,斑特
イシュミール,伊休米尔
ゾーイ,佐伊
フィーナ,菲娜
ルシオ,路西欧
ソリッズ,索利茲
ヤイア,丫丫
アリサ,亚里莎
ヴェイン,维恩
サラ,莎拉
ミリン,米林
ネモネ,涅莫涅
ケルベロス,刻耳柏洛斯
ソシエ,苏丝雅
アルベール,阿尔贝尔
フェリ,菲莉
ヨダルラーハ,尤达拉哈
サルナーン,萨鲁南
イングヴェイ,英格威
シャノワール,夏诺瓦
アザゼル,阿萨谢尔
ユグドラシル,尤格多拉希尔
レ・フィーエ,蕾・芬耶
セレフィラ,塞尔菲拉
ヴァンピィ,斑比
ユイシス,优希斯
ディアンサ,戴安萨
ザルハメリナ,扎哈梅丽娜
ガンダゴウザ,冈达葛萨
ベアトリクス,贝阿朵丽丝
カリオストロ,卡莉奥斯特萝
クラリス,克拉莉丝
ティアマト,提亚玛特
ソーン,索恩
エッセル,艾瑟尔
江戸川コナン,江户川柯南
毛利蘭,毛利兰
安室,安室
探偵,侦探
バロワ,巴洛瓦
サーヤ,萨雅
高飛車な女,傲慢的女人
カロリーナ,卡罗丽娜
ダニエラ,达涅拉
レイラ,蕾拉
ネリル,涅莉露
機械人形,机械人偶
農夫,农夫
衛兵１＆衛兵２,卫兵1&卫兵2
衛兵,卫兵
自警団団長,民兵团团长
自警団団員,民兵团团员
ルリアとビィ,露利亚和碧
ルシフェル,路西菲尔
ランスロット,兰斯洛特
サンダルフォン,圣德芬
カール,卡尔
シロウ,士郎
ファラ,法拉
ユーリ,尤利
ポセイドン,波塞顿
ジック,吉克
ハーパー,哈波
マキラ,玛琪拉
ルナール,露娜露
悪夢の欠片,恶梦的碎片
帝国兵,帝国士兵
ヴェトル,薇特尔
モルペウス達,莫尔佩乌斯们
モルペウス,莫尔佩乌斯
モルフェ,莫尔菲
オネイロス,奥涅伊洛斯
イケロス,伊卡洛斯
アルビオン兵,阿尔比昂士兵
お母さん,妈妈
カレン,卡莲
アイル,艾鲁
ならず者,暴徒
ならず者達,暴徒们
ジークフリート,齐格飞
漁師,渔师
善子・花丸・ルビィ,善子・花丸・露比
ダイヤ,黛雅
ルビィ,露比
マナリア教連の人々,马纳利亚教联的人们
マナリア教連の女,马纳利亚教联的女人
マナリア教連の男,马纳利亚教联的男人
宿命夜想曲の男達,宿命夜想曲的男人们
宿命夜想曲の男,宿命夜想曲的男人
烈弩宇威愚の仲間達,烈弩宇威愚的伙伴们
烈弩宇威愚の仲間,烈弩宇威愚的伙伴
じいさん,爷爷
ばあちゃん,奶奶
アキナ,明菜
アン,安
エルモート,艾尔莫特
オーウェン,欧文
グレア,古蕾雅
ショウ,翔
ジル,席尔
スフラマール,瑟芙拉玛尔
ツバサ,翼
ツバサの母,翼的母亲
ツバサの父,翼的父亲
ハンナ,汉娜
パーシヴァル,帕西瓦尔
ミランダ,米兰达
不良生徒達,不良学生们
不良生徒,不良学生
人々,人们
商会のボス,商会的老大
子供,孩子
宿命夜想曲の男達,宿命夜想曲的男人们
宿命夜想曲の男,宿命夜想曲的男人
用心棒,保镖
老婆,老婆婆
舎弟のリンタロウ,小弟伦太郎
荒くれ者,小混混
親父,先生
鬼ゾリのタイガ,鬼角大河
男の声,男人的声音
謎の少女,谜之少女
女騎士,女骑士
バハムート,巴哈姆特
町人,镇民
ゴーレム好きの青年,热爱魔偶的青年
ユグドラシル・マリス,尤格多拉希尔·恶意
ヴァンパイアの女性,女性吸血鬼
アダム,亚当
アーカーシャ,阿卡夏
ウェルダー,维尔达
エスカラスの残党,埃斯卡勒斯残党
エージェント,特工
オルレアンの青年,奥尔良青年
カルメリーナ,卡露梅莉娜
ガラの悪い男,痞气的男人
シェロ,榭洛
ジュリエット,朱丽叶
チンピラ,塞莱斯特
ノア,诺亚
バウタオーダ,鲍特欧达
バラゴナ,巴拉格纳
パリス,帕里斯
フェンリル,芬里尔
フュリアス,弗里亚斯
フリーシア,芙莉西雅
マリエ,玛丽艾
ミスラ,密斯拉
ラインハルザ,莱茵哈撒
リアクター,反应器
リヴァイアサン,利维坦
ルシウス,卢修斯
ルリアとイオ,露莉亚和伊欧
ロキ,洛基
ロミオ,罗密欧
ローズクイーン,玫瑰女王
ヴァジラ,瓦姬拉
一同,众人
不気味な物音,诡异的声响
他劇場の座長,其他剧场的团长
住民,居民
傭兵,佣兵
劇場の客,剧场的客人
劇場の座長,剧场的团长
劇場の道化,剧场的小丑
受付のおじさん,接待的大叔
地味な少女,朴素的少女
大会の司会者,大赛主持人
女の声,女性的声音
女の子,女孩
女子生徒,女学生
女性の声,女性的声音
娘たち,女孩们
巨大カニ,巨蟹
帝国の街人,帝国的居民
帝国兵達,帝国兵
年配の騎空士,年长的骑空士
店員,店员
座長たち,剧团团长们
必死な青年,惊慌的青年
楽しげな女性,开朗的女性
自慢げな青年,自信的青年
村の若者,年轻的村民
村人,村民
村娘,村民
村長,村长
街人,居民
波乗りの青年,冲浪的青年
海の男,海上男儿
男の声,男人的声音
病弱な依頼者,体弱的委托人
神王モンタギュー,神王蒙太古
秩序の騎空団員,秩序骑空团员
秩序の騎空団員達,秩序骑空团员
秩序の騎空団員,秩序骑空团员
観劇に来た令嬢,前来观剧的大小姐
観劇に来た娘,前来观剧的女孩
訓練官,训练官
調停の翼,调停之翼
謎の少女,神秘少女
警備兵,警卫兵
酒場の店主,酒馆的店主
酔っ払い,醉鬼
銀髪の少女,银发少女
青年のゴーレム,青年的戈仑
騎士見習い,见习骑空士
騎空士,骑空士
ソーンの幼馴染,索恩的青梅竹马
ソーンの祖母,索恩的奶奶
魔物の群れ,魔物群
魔物達,魔物们
カイン,该隐
ラインハルザ,莱茵哈萨
アベル,亚伯
黄金の騎士,黄金骑士
レオナ,蕾欧娜
ハクタク,白泽
ハル,哈尔
フォリア,芙莉亚
アリア,阿莉亚
ジャスミン,茉莉
ククル,库库鲁
クムユ,库姆优
シルヴァ,席尔瓦
ガラドア,加拉德亚
おかみさん,老板娘
銃工房の親方,火枪工坊的老板
銃工房のおかみさん,火枪工坊的老板娘
ダン伯父さん,丹舅舅
イルザ,伊尔莎
なぎさ,渚
ほのか,穗乃香
メップル,梅普鲁
ミップル,米普鲁
ポルン,保伦
ザケンナー,萨凯那
ピーサード,皮萨德
キュアブラック,黑天使
キュアホワイト,白天使
トネリロ,托涅利罗
クルス,库鲁斯
マスター,Master
モルドレッド,莫德雷德
アーサー,亚瑟
街のゴロツキ,街头流氓
ボーンドラゴン,骨龙
フュンフ,芬芙
ヘンリー,亨利
トネリロとヘンリー,托涅利罗和亨利
班長の騎士,班长骑士
試験官の騎士,考官骑士
負傷した騎士,负伤的骑士
骸の騎士,骑士骸骨
ルナ,露娜
ルナの父母,露娜的父母
若者,年轻人
モルディカイ,莫迪凯
サヴァラン,萨瓦兰
ジャック,杰克
魔鯛,魔鲷
人気店の店長,人气店店长
給仕スタッフの男,男服务员
厨房スタッフの男,男厨师
厨房スタッフの女,女厨师
給仕スタッフの女,女服务员
エヴィ,虾
足早に帰る客,早早回去的客人
恰幅の良い客,体面的客人
若い女性,年轻女性
若い男,年轻人
土下座する男,下跪的男人
ガラルドーザ,加拉尔德扎
客,客人
風の精霊,风精灵
ふたり,两人
ドラッヘンボア,德拉狠野猪
バジリスク,巴吉里斯克
ガラの悪い客,痞气的客人
常連客の老人,常客老人
珈琲農園の経営者,咖啡园的经营者
レオル,雷奥卢
シス,希斯
シエテ,希耶提
フェザー,菲扎
スタン,斯坦
シャオ,箫
ジャミル,贾米尔
ミュオン,缪恩
ウーノ,乌诺
マイム,麦姆
メイム,梅姆
ミイム,米姆
ユリウス,尤里乌斯
レヴィオン王,雷维翁王
イデルバ国王,伊迪尔瓦国王
イデルバ王国兵,伊迪尔瓦王国兵
カラクラキル,卡拉库拉奇尔
クラーバラ,库拉芭拉
おサダ,阿贞
ガロウザ,加罗萨
サビルバラ,萨比尔巴拉
痩せっぽちの夜盗,瘦削的盗贼
ガタイのいい夜盗,壮实的盗贼
コルウェル,克洛威尔
村の老人,村里的老人
リュミエール聖騎士団員,卢米埃尔圣骑士团员
人相の悪い夜盗,凶恶的盗贼
村の女性,村里的女性
村の子供,村里的孩子
コッコロ,可可萝
キャル,凯露
ペコリーヌ,佩可莉姆
【美食殿】,美食殿堂
キャル・コッコロ,凯露・可可萝
ゴロツキ,小混混
気楽な青年,愉快的青年
オクトー,奥克托
シュヴァリエ,修瓦利耶
モノリス,独石柱
異形の者達,异形们
コア・モノリス,核心·独石柱
ウィリアム,威廉姆
カトル,卡托尔
ユーステス,尤斯缇斯
ガウェイン,高文
ジョヤ,除夜
アンチラ,安琪拉
アニラ,阿妮拉
サラーサ,萨拉萨
アリーザ,阿丽莎
ナルメア,娜尔梅亚
ウーフ,沃夫
レニー,蕾妮
シヴァ,湿婆
ナーガラージャ,娜迦拉嘉
アランドゥーズ,阿兰多斯
グルザレッザ,古扎雷萨
魔導人形,魔导人偶
ゼタ・ベアトリクス,泽塔·贝阿朵丽丝
カシウス,卡西乌斯
錆声の老人,声音低沉的老人
イルザの部下,伊尔莎的部下
操縦士,操作员
ブローディア,布罗蒂娅
クビラ,库碧拉
ラムレッダ,拉姆蕾塔
ローアイン,罗艾因
エルセム,艾尔塞姆
トモイ,托莫伊
スーテラ,斯黛拉
コルワ,可露瓦
アルシャ,阿露夏
ヨハン,约翰
農家の男性,农家男
農家の女性,农家女
作業員,工人
区長,区长
武器屋,武器店
道具屋,旧货店
雑貨屋,杂货店
謎の物体,迷之物体
全員,全员
ラファエル,拉斐尔
悪党,恶党
リチャード,理查德
テレーズ,特蕾兹
ミカエル,米迦勒
ガブリエル,加百列
ウリエル,乌列尔
ハールート,哈露特
マールート,玛露特
ベリアル,贝利尔
ルシファー,路西法
ドゥルジ,多尔吉
サイコヴィーラ,精神力维拉
鋼の巨人,钢之巨人
ジン,仁
イザベラ,伊莎贝拉
タイアー,泰亚
子マッチョ,小猛汉
看護師,护士
避難中の男性,避难中的男性
避難中の女性,避难中的女性
ガルストン隊長,加尔斯通队长
大いなる存在,巨大存在
訓練兵,受训士兵
警備隊長,警备队长
魔導士,魔导士
元悪党,原恶党
黒衣の男,黑衣男
闇の星晶獣,暗之星晶兽
光の星晶獣,光之星晶兽
観光客,游客
元悪党達,原恶党们
空の民,空之民
等身大フィギュア,等身大人偶
ネフティス,奈芙提斯
エルステ帝国,艾尔斯提帝国
怪物の声,怪物的声音
アバター,阿凡达
メタトロン,梅塔特隆
アバターの咆哮,阿凡达的咆哮
プロトバハムート,原初巴哈姆特
アバターの残滓,阿凡达的残渣
アーミラ,阿米拉
謎の咆哮,迷之咆哮
ジェシカ,杰西卡
ゴーレム,魔偶
サリエル,沙利叶
アズラエル,亚兹拉尔
イスラフィル,伊斯拉非尔
星晶獣,星晶兽
オリヴィエ,奥莉薇尔
ケルブ,基路伯
エグリゴリ,艾古利格利
ノイシュ,诺伊修
街の女性,女性居民
幽世の尖兵,幽世的尖兵
幽世の門番,幽世的守门人
マルキアレス,马尔基亚雷斯
パラケルスス,帕拉塞尔苏斯
ゼシード,泽西德
デリフォード,德里福德
錬金術師,炼金术师
ハロルド,哈罗德
プロメティア,普洛美缇娅
ユエル,尤艾尔
骨董鑑定士,古董鉴定师
鑑定士テレサ,鉴定师特蕾莎
マリア・テレサ,玛利亚・特蕾莎
ジャスティス,Justice
ユージン公,尤金公
貴族の青年,贵族的青年
幼いマリア・テレサ,少女玛利亚・特蕾莎
マリア・テレサの母,玛利亚・特蕾莎的母亲
エウロペ,欧罗巴
ガンダルヴァ,健达缚
オーキス,欧姬丝
隊長,队长
ウロボロス,衔尾蛇
館長,馆长
グリフォン,狮鹫
コウ,蔻
エリン,艾琳
ティア,缇娅
ユピウピ,花鱼兽
ユピウピのトレーナー,花鱼兽的训练员
エムディナ,巫兔
エムディナ達,巫兔们
アキノの商人,阿基诺的商人
アキノの老人,阿基诺的老人
通りすがりの住民,路过的居民
老いた店主,老店主
イモヤロウ,大红薯
ボケナス,烂茄子
ラスティナ,拉丝缇娜
エジェリー,艾洁丽
マナリア男子生徒,马纳利亚男学生
組長,组长
ロザミア,萝莎米娅
アンスリア,安苏莉娅
クロエ,库洛尔
トラジロウ,虎次郎
ガラの悪い猫,凶恶的猫
若い猫,年轻的猫
ムクタ,木库塔
古株の猫,资历老的猫
毛の長い猫,长毛猫
セン,千
ヴァパウス,巴帕乌斯
アファカ,阿法卡
ダーント,旦特
杖をついた老婆,拄拐杖的老妇人
ＮＹＡ‐ＯＮ,NYA-ON
リベラ,利贝拉
エレフセリア,艾勒夫赛利亚
赤毛の猫,红毛猫
痩せた猫,消瘦的猫
みぅちゃん,咪呜
母親,母亲
島の人,岛民
シルフ,西尔芙
護衛騎士,护卫骑士
ファフニール,法夫纳
乗客,乘客
ソフィア,索菲娅
白竜騎士団員達,白龙骑士团员们
飛竜達,飞龙群
ミニゴブ,迷你哥布
憲兵,宪兵
兄妹の母親,兄妹的母亲
リリィ,莉莉
アリエ,阿丽耶
ギンタ,格塔
ガイル,盖尔
偵察兵,侦察兵
ゲルラ,盖尔拉
ライナス,莱纳斯
狙撃兵,狙击兵
将軍,将军
店長,店长
常連客,常客
スヴァルの民,斯瓦尔之民
クリスタリアの民,克里斯塔利亚之民
スヴァルの副官,斯瓦尔副官
スヴァルの尖兵,斯瓦尔尖兵
メドゥーサ,美杜莎
ジオ,吉欧
ナタク,哪吒
バアル,巴尔
ステンノ,斯忒诺
サテュロス,萨提洛斯
エウリュアレー,尤瑞艾莉
フレイ,弗雷
ザオシェン,灶神
スノウホワイト,白雪
キュベレー,库柏勒
サテュロスとナタク,萨提洛斯和哪吒
ルルーシュ・ランペルージ,鲁鲁修·兰佩路基
ルルーシュ,鲁鲁修
枢木スザク,枢木朱雀
紅月カレン,红月卡莲
ガウェイン,高文
紅蓮弐式,红莲贰式
ランスロット・エアキャヴァルリー,兰斯洛特·空战骑兵
サザーランド,萨瑟兰
ナナリー,娜娜莉
ジェレミア,杰雷米亚
ジークフリート,齐格飞
星晶獣マグネシア,星晶兽玛格涅西亚
カルメン,卡门
デルフィナ,黛尔菲娜
船長,船长
観光客の悲鳴,游客的惨叫
マーティン,马汀
エレン,艾莲
ブルース,布鲁斯
サメハンター,鲨鱼猎人
ルシオのファン,路西欧的粉丝
ルシオの古参ファン,路西欧的资深粉丝
レストラン店員,饭店店员
サメ,鲨鱼
繁華街の商人,繁华街的商人
ファン達,粉丝们
宿屋街の商人,旅店街的商人
ショップ店員,商店店员
サメーズ,鲨鱼群
レストラン店員,餐馆店员
若い女性客,年轻女性客人
別の屋台の店員,其他摊位的店员
派手な女性客,艳丽的女顾客
彼女,女朋友
彼氏,男朋友
女性客の子供,女顾客的孩子
子連れの女性客,带孩子的女顾客
ボーマン,波曼
リヴァイ,利威尔
エルヴィン,埃尔文
山の主,山之主
店主,店长
ボス,BOSS
にこ,妮可
ことり,小鸟
町長,镇长
観客達,观众们
メイド,女仆
女性達,女性们
絵里,绘里
花陽,花阳
アイナ,爱娜
アテナ,雅典娜
ルーマシーの人々,露玛西的人们
メドゥシアナ,美杜希安娜
異界の魔物,异界的魔物
巨大な魔物,巨大的魔物
ベオバクター,贝欧巴克塔
異界の偶像,异界的偶像
少女の幻影,少女的幻影
町の住人,街上住民
マキュラ・マリウス,玛裘拉·玛利乌斯
誘拐団,诱拐团
誘拐団の首領,诱拐团的首领
貴族の娘,贵族女性
アヴィザ,阿维萨
使用人,佣人
アーテファ,阿提法
タヴィーナ,塔薇娜
タヴィーナの侍女,塔薇娜的女佣
ケッタギア,自动车
ケッタギア・燭台,自动车·烛台
アリシア,阿莉西亚
ニーア,尼娅
グンター,古达
クリームヒルト,克琳希德
ヨゼフ王,约瑟夫王
ヨゼフ,约瑟夫
ハーゲン,哈根
リヒト,里希德
アグロヴァル,阿古罗瓦尔
ディニリシア,恐蛇
ガイゼンボーガ,盖森伯格
ザ・スター,The・Star
兵士,士兵
男の子,男孩
夫,丈夫
妻,妻子
役人,官员
子供,孩子
怪我を負った男,受伤的男子
天険の主,天险之主
ガリア隊,加利亚兵
過激派の民衆,过激派的民众
ガリア隊の隊長,加利亚兵队长
ガリア隊の隊員,加利亚兵队员
過激派の男,过激派的男人
ガリア,加利亚
集まった民衆,聚集起来的民众
マウロ,毛洛
ドルザ・レム,多尔扎·雷姆
イスタバイオン王国兵,伊斯塔拜恩王国兵
イデルバ王国民,伊迪尔瓦国民
イデルバの将軍,伊迪尔瓦将军
レジスタンス,抵抗运动
レム王国兵,雷姆王国兵
ギルベルト,吉尔伯特
イスタバイオン兵,伊斯塔拜恩兵
アニシダ,阿尼希妲
ハイラック,海拉克
ガネーシャ,迦尼萨
エキドナ,艾奇多娜
コロッサス,科罗萨斯
緋色の騎士,绯色骑士
ヨウ,容
フラウ,芙劳
レスター,莱斯特
黒い星晶獣,黑色的星晶兽
若い騎空士,年轻的骑空士
魔術医,魔术医师
レナ,蕾娜
ジョイ,乔伊
ビカラ,碧卡拉
ドゥーベ,杜贝
メラク,梅拉库
フェグダ,菲古达
メグレズ,梅古雷兹
アリオト,艾利欧特
ミザール,米扎尔
アルカイド,阿尔凯多
商人の男の子,商人的男孩子
商人の子,商人的孩子
店員の女の子,店员的女孩子
魔物の主,魔物的主人
ヴァルフリート,瓦尔弗利德
ゼエン,泽恩
孤児１,孤儿1
孤児２,孤儿2
マフィア,黑手党
傷ついた子供,受伤的孩子
グリームニル,格里姆尼尔
生徒,学生
チョコレートの精,巧克力精灵
秩序の騎空団伝令,秩序骑空团传令员
秩序の騎空団団員,秩序骑空团团员
活発な女の子,活泼的女孩子
冷静な男の子,冷静的男孩子
おませな女の子,早熟的女孩子
ムゲン,无限
ネハン,涅槃
レイ,零
アシャ,阿霞
マガザン幹部,玛格森干部
マガザンの荒くれ者達,玛格森的流氓们
マガザンの下っ端,玛格森的小喽啰
アオイドス,亚欧伊多斯
アルタイル,阿尔泰尔
幼いスツルム,幼年斯特姆
へレル·ベン·シャレム,赫莱尔·本·夏蕾姆
キャラバン隊の男,商队男子
やんちゃな男の子,调皮的男孩子
ナーガラージャ,娜迦拉嘉
ザウラ,扎乌拉
シュラ,秋罗
ポラリス,珀拉莉丝
レオニス,雷欧尼斯
ロウファ,罗法
ランファ,兰华
エリク,埃里克
ヴィターリー,维塔利
ドラフの男,多拉夫族男性
ユラントスク兵,尤兰托斯克士兵
ユラントスク兵１,尤兰托斯克士兵1
ユラントスク兵２,尤兰托斯克士兵2
ユラントスク兵３,尤兰托斯克士兵3
ユラントスク兵４,尤兰托斯克士兵4
ユラントスク兵５,尤兰托斯克士兵5
エルデニ伝令兵１,埃尔德尼传令兵1
エルデニ伝令兵２,埃尔德尼传令兵2
エルデニ伝令兵３,埃尔德尼传令兵3
エルデニ兵１,埃尔德尼士兵1
エルデニ兵２,埃尔德尼士兵2
エルデニ兵３,埃尔德尼士兵3
エルデニ兵４,埃尔德尼士兵4
エルデニ兵５,埃尔德尼士兵5
エルデニ兵６,埃尔德尼士兵6
エルデニ兵７,埃尔德尼士兵7
側近らしき男,亲信模样的男人
エルデニ官僚,埃尔德尼官僚
エルデニ大臣,埃尔德尼大臣
エルデニ兵達,埃尔德尼士兵们
ユラントスク上等兵,尤兰托斯克上等兵
ユラントスク軍中佐,尤兰托斯克军中校
エルデニ兵,埃尔德尼士兵
エルデニ伝令兵,埃尔德尼传令兵
ユラントスク王,尤兰托斯克国王
ユラントスク文官の声,尤兰托斯克文官的声音
身なりの良い男,穿着华贵的男人
ロウファの母親,罗法的母亲
ロウファの父親,罗法的父亲
ロウファの妹,罗法的妹妹
カノプス,卡诺普斯
奇妙なユラントスク兵,奇怪的尤兰托斯克士兵
怯えるユラントスク兵,害怕的尤兰托斯克士兵
星晶獣セキトバ,星晶兽赤兔马
飛将軍,飞将军
楓,枫
小柄な青年,矮小的青年
包帯姿の男,缠绷带的男人
マネージャー,经纪人
ドラマー,鼓手
フェス運営者,音乐节主办方
ジャスティン,贾斯汀
ベンジャミン,本杰明
バレンティン,瓦伦汀
偽ジャスティン,冒牌贾斯汀
偽バレンティン,冒牌瓦伦汀
ネズミ,老鼠
幼少期のマネージャー,小时候的经纪人
DOSSファンの女性,DOSS的女粉丝
DOSSファンの男性,DOSS的男粉丝
残虐三兄弟のファン男,残虐三兄弟的男粉丝
フェス運営,音乐节主办方
DOSSファン達,DOSS粉丝
幼少期のベンジャミン,小时候的本杰明
ベンジャミンの母,本杰明的母亲
ベンジャミンの父,本杰明的父亲
ネズミの声,老鼠的声音
仮面の男,面具男
仮面の２人組,面具2人组
ミュージシャン達,音乐人
ヴォーカル,主唱
ギタリスト,吉他手
ベーシスト,贝斯手
ベンジャミンの幻影,本杰明的幻影
謎のギターガイ,神秘吉他手
郵便屋,邮递员
ヘレル・ベン・サハル,赫莱尔·本·沙哈尔
ヘレル・ベン・シャレム,赫莱尔·本·夏蕾姆
ベルゼバブ,别西卜
幽世の軍勢,幽世的军队
ガチャピン,扭蛋平
ロボミ,萝伯美
マウロ,马洛
ガリア,加利亚
レヴィオン国民１,雷维翁国民1
レヴィオン国民２,雷维翁国民2
諸侯１,诸侯1
諸侯２,诸侯2
テラちゃん,特拉酱
十天衆,十天众
レッドラック,雷德拉克
カキフライ,飞蚝
コルル,可露露
マッシュ,马修
セワスチアン,塞瓦斯蒂安
司会者,主持人
マリー,玛丽
メグ,梅格
マライア,玛丽亚
観光客の男性,男性游客
観光客の男の子,男孩子游客
観光客の女性,女性游客
大会参加者の男性１,男性参赛者1
大会参加者の男性２,男性参赛者2
荒々しい声,粗暴的声音
樹クラゲの集団,树水母的集群
アラナン,阿拉南
アギエルバ,艾奇尔巴
アルルメイヤ,阿露露梅娅
アレーティア,阿雷提亚
アンリエット,安丽特
イルノート,伊尔诺特
エスタリオラ,埃斯塔里奥拉
カイム,凯姆
キャサリン,凯瑟琳
クリスティーナ,克里斯提娜
スカーサハ,斯卡哈
ダヌア,妲奴亚
ネツァワルピリ,聂查瓦尔皮利
ファスティバ,法斯提瓦
フォルテ,法尔提
フーちゃん,小芙
ペトラ,佩特拉
メルゥ,梅路
リルル,莉露露
レディ・グレイ,灰夫人
ロベリア,罗贝利亚
観客の男性１,男性观众1
観客の女性１,女性观众1
観客の男性２,男性观众2
観客の女性２,女性观众2
柄の悪い男,人品不好的男人
マッサージ屋の店員,按摩店店员
マッサージ屋の店員の声,按摩店店员的声音
お店のおかみさん,酒店老板娘
ナンパ師,搭讪师
ナンパ男,搭讪男
シャレム,夏蕾姆
暁の預言者,晓之预言者
幽世の存在,幽世的存在
歴史学者,历史学者
フロレンス,芙罗伦斯
カール国王,卡尔国王
トー,拓
ハイランド公王,海兰德公王
ガウェイン達,高文等人
ルーソル,卢梭尔
フロレンス,芙罗伦斯
ピート,皮特
ハイランド公王,海兰德公王
ダルモアの民,达尔摩国民
泥酔した団員,醉酒的团员
泥酔した団員達,醉酒的团员们
通行人,行人
ティボルト,提伯尔特
デボラ,黛博拉
マキューシオ,马奎西奥
サオウ,萨欧
幽世の住人,幽世居民
原初獣,原初兽
バルサザー,巴尔萨泽
羅生門博士,罗生门博士
暴喰壊獣,暴啃坏兽
タツヤ,达也
メグミ,惠
ケンジ,健次
民衆,民众
落ち込む国民,沮丧的国民
騎士団の面々,骑士团的众人
ショコラティエ,巧克力职人
チョコレートモンスター,巧克力魔物
アイザック,艾扎克
レイベリィ,雷贝利
組織の兵,组织士兵
眼鏡の男,眼镜男
ムスケル,姆斯盖尔
フィリー,芙莉
ディジー,迪西
アナウンス,播报音
オペレータ,接线员
ローナン,罗南
機神,机神
屋台の主人,摊主
グロウノス,古洛诺斯
組織の兵達,组织的士兵们
ハイゼンベルク,海赞贝克
ハイゼンベルクの声,海赞贝克的声音
幽世の者,幽世之人
エルド,埃尔德
ファナ,法娜
デアン,迪安
機械,机械
門下生達,弟子们
グウィン,古茵
レンス,连斯
グレイス,格蕾丝
姬塔達,姬塔等人
アリアネンサ,阿利安耐萨
ヨダルラーハ達,尤达拉哈等人
門下生,弟子
セスラカ,赛斯拉卡
ミレイユ,米雷耶
リゼット,莉塞特
無人機,无人机
大門博士,大门博士
機神達,机神们
ウィル,威尔
奇妙なノイズ,奇妙的杂音
小型無人機,小型无人机
ヤチマ,雅琪玛
カシウス達,卡西乌斯等人
無人機達,无人机们
ディアスポラ,迪亚斯珀拉
街娘,女路人
元魔晶研究員,原魔晶研究员
白衣の男,白衣男子
巨躯の男,身材庞大的男子
ジェノ,杰诺
レヴィオン新王,雷维翁新王
貴族,贵族
天雷剣,天雷剑
マウロ,毛洛
ルリア達,露莉亚等人
ごっこ遊びをする子供１,玩游戏的小孩子1
ごっこ遊びをする子供２,玩游戏的小孩子2
ごっこ遊びをする子供３,玩游戏的小孩子3
黒服の男１,黑衣服的男子1
黒服の男２,黑衣服的男子2
レヴィオン先王,雷维翁先王
レヴィオンの騎士の声,雷维翁骑士的声音
レヴィオンの騎士,雷维翁骑士
対策本部室長,对策本部室长
謎の男,神秘男人
謎の女,神秘女人
星の民１,星之民1
星の民２,星之民2
星の眼,星之眼
物静かな男の子,文静的男孩子
朗らかな男の子,爽朗的男孩子
子供の頃のネハン,孩童时代的涅槃
小間使いの子供,做杂工的小孩
泥棒,小偷
男性の悲鳴,男性尖叫声
女性の悲鳴,女性尖叫声
泥棒達,小偷们
敵性異分子,敌对异分子
騎士団員１,骑士团团员1
騎士団員２,骑士团团员2
食堂のおばちゃん,餐厅的阿姨
幼いユーステス,幼年尤斯缇斯
ユーステスの姉,尤斯缇斯姐姐
ユーステスの友人,尤斯缇斯的朋友
ポート・ブリーズの少女,波特普利兹的少女
ポート・ブリーズの老人,波特普利兹的老人
ポート・ブリーズの男性,波特普利兹的男性
ポート・ブリーズの女性,波特普利兹的女性
ローナン配下の兵,罗南手下的士兵
皿洗い,洗碟工
仮面の女,戴面具的女人
テュエ,图耶
プレデター,布列迪塔
グウィンの母,古茵母亲
グウィンの父,古茵父亲
マクスウェル,马克斯威尔
ヴィティ,维蒂
サウィーニ,萨维尼
ローナン配下の兵達,罗南手下的士兵们
ユーサー,尤瑟
ウリエンス,乌利艾斯
マーリン,梅林
ロウリー,罗利
ラモラック,拉莫拉克
坂田銀時,坂田银时
神楽,神乐
システム音,系统音
おじさん,大叔
沖田総悟,冲田总悟
銀時の声,银时的声音
謎の化け物,神秘怪物
アナウンサー,播音员
バカ,笨蛋
化け物達,怪物们
隊員達,队员们
隊員,队员
坂本辰馬,坂本辰马
エリザベス,伊丽莎白
高杉の協力者,高杉的帮手
コロ,可乐
ハタ皇子,HATA皇子
謎の化け物達,神秘怪物们
カタリナ弐号機,卡塔莉娜二号机
ローアインとカタリナ,罗艾因和卡塔莉娜
ザ・ハングドマン,The・Hanged Man
カッツェリーラ,卡兹里拉
ジャッジメント,Judgement
アズサ,梓
エニュオ,厄倪俄
シオン,紫苑
シトリ,志鸟
シャトラ,夏托拉
デスロウ,死郎
ドラえもん,哆啦A梦
しずか,静香
のび太,大雄
スネ夫,小夫
ジャイアン,胖虎
小さなカリオストロ,小卡莉奥斯特萝
ランスロット（本物）,兰斯洛特（本人）
ランスロットの分身,兰斯洛特的分身
スペシャルウィーク,特别周
サイレンススズカ,无声铃鹿
トウカイテイオー,东海帝王
メジロマックイーン,目白麦昆
ゴールドシップ,黄金船
ゴルシファー,船西法
謎の声,迷之声
巨大鯛焼き,巨大鲷鱼烧
エデソ,伊䓒
レース実行委員,竞赛实行委员
エデソの声,伊䓒的声音
魔術師1,魔术师1
魔術師2,魔术师2
魔術師3,魔术师3
実況,实况
黄金の槍,黄金之枪
走者,跑者
カッタクリ,卡塔库里
ダンサー,舞者
観客たち,观众们
観客１,观众1
観客２,观众2
アレス,阿瑞斯
幽世の住人,幽世的居民
紫の騎士,紫骑士
星晶獣ガネーシャ,星晶兽伽涅夏
ミカボシ,米卡波西
幽世からの使者,幽世派出的使者
ツヴァイ,紫薇
ロイド,罗伊德
星晶獣アーカーシャ,星晶兽阿卡夏
ネセサリア,奈瑟萨莉亚
アーロン,阿隆
白騎士,白骑士
レホス,雷荷斯
セルカ,赛尔卡
クラスメイト1,同学1
クラスメイト2,同学2
クラスメイト１,同学1
クラスメイト２,同学2
蒼の解放戦線メンバー,苍蓝解放战线成员
パティア,帕缇亚
エガニス,艾嘉尼斯
ザラストラ,扎拉斯托拉
ラクレイス,拉克雷斯
クラスメイト１の声,同学1的声音
軽音部生徒,轻音部学生
キティオン,基缇昂
ウェイトレス,女服务员
依頼書,委托书
スズカ＆テイオー,铃鹿＆帝王
タイガ・リンタロウ,大河・伦太郎
巨大ガニ,巨型蟹
クラスメイト達,同学们
バルドル,巴德尔
マドル,马德尔
コーナ,蔻娜
マドルの声,马德尔的声音
ユニ,尤妮
アジ・ダハーカ,阿兹·达哈卡
ガーゴイル,石像鬼
遠くから呼びかける声,远处传来的呼喊声
揺り起こす声,唤醒声
コスモス,科斯莫斯
コーナの母,蔻娜之母
オードリック,奥德里克
ヴィクトル,维克多
兄弟の父,兄弟俩的父亲
レヴィン・ロック,雷维之岩
湯もみ施設の係員,揉泉设施的工作人员
工房の職人,工房的匠人
幼少期のオードリック,幼年的奥德里克
昔のジェノ,过去的杰诺
松明を振る男,举着火把的男人
男の部下,男性部下
ガリア隊の副隊長,加利亚队的副队长
温泉まんじゅう屋の店主,温泉馒头屋店长
謎の魔物,谜之魔物
旅館の従業員,旅馆的工作人员
コスモスの御使い,科斯莫斯的使者
ルームメイト,室友
ディとリィ,迪和莉
遠くから呼びかける声,远处传来的喊声
島の住人,岛上居民
赤ん坊,婴儿
小さな村の住人,小村居民
隣町の住人,邻镇居民
シルフの町の住人,希尔芙城镇的居民
近隣の住人,附近居民
島の兵士,岛上的士兵
契約者,契约者
アルビオンの権力者,阿尔比昂的权力者
従者,随从
新しい契約者,新的契约者
コキュートス,科赛特斯
イフリート,伊弗利特
ディアボロス,迪亚波罗
ウォフマナフ,沃胡摩那
ゼノ・ウォフマナフ,桀异·沃胡摩那
ゼノ・コキュートス,桀异·科赛特斯
男子生徒１,男学生1
男子生徒２,男学生2
蒼人,苍人
ビー,碧
丸文字の手紙,写着圆体字的信纸
織部,织部
記録係の男子生徒,记录成绩的男同学
せんべえ婆,仙贝奶奶
クラスの男子１,班上的男同学1
クラスの男子２,班上的男同学2
野次馬１,看热闹的人1
野次馬２,看热闹的人2
教師,教师
噂好きの女子１,喜欢说闲话的女孩1
噂好きの女子２,喜欢说闲话的女孩2
幼い日の蒼人,幼时的苍人
黒髪の少女,黑发少女
幼い日の未来,幼时的未来
古風な口調の女子生徒,说话风格很古风的女学生
個性的な口調の女子生徒,说话风格很个性的女学生
風紀委員,风纪委员
保健委員,保健委员
星晶獣フロネシス,星晶兽弗洛涅西斯
レプティ,雷弗提
ガハムレット,盖默雷特
キャスパリーグ,凯茜帕鲁格
ディンドラン,丁德兰
アレイス,艾蕾丝
ヘルツェロイデ,海瑟萝伊德
ウェールズ城の衛兵１,威尔兹城的卫兵1
ウェールズ城の衛兵２,威尔兹城的卫兵2
ガレス,加雷斯
アレイスの声,艾蕾丝的声音
白い服の女,白衣女子
アンデッド,亡灵
港の職員,港口的工作人员
カフェの客１,咖啡厅的顾客1
カフェの客２,咖啡厅的顾客2
酔っ払い客,醉酒的客人
アルバ,阿尔芭
白銀の獣,白银之兽
イデルバの兵士,伊德尔巴的士兵
スピナー,斯平纳
細身の盗賊,瘦子盗贼
大柄な盗賊,大块头盗贼
手紙の文字,信上的文字
マコラ,玛蔻拉
溌溂とした女の子,活力十足的女孩子
参拝客１,参拜客1
参拝客２の声,参拜客2的声音
参拝客３の声,参拜客3的声音
参拝客達,参拜客们
初代の卯神,初代卯神
博徒,赌徒
参拝客４,参拜客4
三兎と四兎,三兔和四兔
一兎,一兔
二兎,二兔
三兎,三兔
四兎,四兔
ぐうたら夫,无业丈夫
ボロ屋の男,收破烂的男人
ウグス,乌格斯
シンシャ,辛夏
クシナ,库西那
イーウィヤ,伊维亚
ウィルナス,威尔纳斯
ワムデュス,瓦姆杜斯
ガレヲン,伽莱翁
ル・オー,露·欧
フェディエル,菲迪埃尔
ドルベイル,多鲁贝鲁
ヴレッザレク,瓦雷扎雷克
ラディス,拉迪斯
ウィリヌス,威尔奴斯
イールシアス,伊鲁希亚斯
マコラの父,玛蔻拉的父亲
男性の声,男性的声音
イーヴィル,伊维鲁
ネクタル,奈克塔尔
オロロジャイア,欧罗罗伽亚
シンク,星
アーロンの母,亚隆的母亲
アポロニア,阿波罗
ミラオル,米拉奥尔
ザーリリャオー,扎莉莉亚欧
お婆さん,老奶奶
サリエリア,瑟芮娅
パン屋,面包店老板
アマール,阿玛尔
医者,医生
「仮面」の観光客達,戴着“面具”的游客们
島で働く男,岛上的工作人员
アニマ・アニムス・コア,阿尼玛·阿尼姆斯·核
デミウルゴス,德米乌尔戈斯
ゾンビの群れ,僵尸群
モモ,莫莫
ベッポ,贝波
ペット達,宠物们
ジジ,吉吉
フージーとニコラ,弗吉&尼古拉
獣の魔物,野兽型魔物
獣の魔物達,野兽型魔物群
長耳の幽霊,长耳朵的幽灵
中年の男,中年男子
丸い幽霊達,球形幽灵
廃墟の主,废墟主人
幼い少女,年幼的少女
フェリの母,菲莉的母亲
フェリの父,菲莉的父亲
幼い頃のフェリ,幼年菲莉
細身のウサギ,瘦小的兔子
二本角の魔物,两只角的魔物
一本角の魔物,一只角的魔物
フージー,弗吉
ニコラ,尼古拉
細身の犬,细长的狗狗
ベッポとジジ,贝波&吉吉
ゴブリン,哥布林
ギヨタ,吉优塔
ドゥアト副王,杜亚特副王
ルウェイグ,卢威格
蒼の解放戦線１,苍蓝解放战线成员1
ヰロティス,伊洛缇斯
カロ,卡洛
アルテ,阿尔特
カンターテ,坎塔特
エルタ,艾尔塔
画家の息子,画家的儿子
画家の男,画家
陶芸家の女,陶艺家
演奏家の女,演奏家
楽器職人の男,乐器工匠
星の民,星之民
ドメニコ,多梅尼科
レナッタ,雷娜塔
ロレンツォ,洛伦佐
マントの男,穿斗篷的人
ナリタ,成田
ノビヨ,植松
ナーヴェ,娜维
アウフスタ,奥古斯特
ロベルティナ,罗贝缇娜
パメラ,帕梅拉
セシール,塞希尔
5人,五人
エルタとセレフィラ,艾尔塔・塞尔菲拉
女の子の母親,女孩的母亲
幼いエルタ,幼年的艾尔塔
島民１,岛民１
島民２,岛民２
星晶獣アルテ,星晶兽阿尔特
2人,两人
島民達,岛民们
キハール,齐哈尔
キハールの声,齐哈尔的声音
楽器職人の妻,乐器工匠之妻
楽器屋の女,乐器铺的摊主
怒っている客,愤怒的顾客
嫌味な少女,刻薄的女孩
幼少期のカンターテ,小时候的坎塔特
音楽好きの少女,喜欢音乐的女孩
フェルッチオ,费鲁齐欧
楽器職人の夫妻,乐器工匠夫妇
幼少期のギヨタ,小时候的吉优塔
ギヨタの両親,吉优塔的父母
妙齢の女性,妙龄女子
幽世の河,幽世之河
ルリアとカタリナ,露莉亚和卡塔莉娜
漂う糸,漂浮的丝线
埋め尽くす肉塊,塞满通道的肉块
処刑場の騎士,刑场的骑士
小動物達,小动物们
楽器達,乐器们
ボレミア,波蕾米亚
演奏者達,演奏者们
村長,村长
ミムルメモル,米姆露梅莫璐
メアトの天秤,梅亚特的天平
姬塔達,姬塔等人
タウルーク,陶鲁克
ギヨタとザラストラ,吉优塔与扎拉斯托拉
騎士,骑士
胎動する世界,胎动中的世界
父親,父亲
クーリエ,柯莉艾
クーリエの声,柯莉艾的声音
デス,Death
デスの声,Death的声音
ビザン,彼赞
両親,双亲
アナマリア,安娜玛丽亚
オクタヴィア,奥克塔维亚
緑の騎士,绿骑士
エルバハ,埃尔芭哈
クピタン,库皮碳
トリステット,托莉丝缇托
ティコ,缇可
トルー,托尔
フェルディナンド,菲尔迪南德
フィオリト,菲欧丽特
ラヴィリタ,拉比利塔
ランドル,兰德尔
幼いクピタン,幼年库皮碳
幼いトリステット,幼年托莉丝特托
ラガッツォ,拉伽佐
マナマル,玛娜玛尔
ネーレウス,涅蕾乌丝
副王補佐官,副王助理
ドライアド,多莱亚德
建築士,建筑师
地質学者,地质学者
フェリクス,菲利克斯
副王補佐官,副王助理
ドライアド,多莱亚德
仲間達,同伴们
境界の民１,境界之民1
遠く響く声,远处响起的声音
アルビオンの学生,阿尔比昂的学生
幽世の群れ,一众幽世
ガロンゾの職人１,加隆佐的工匠1
ガロンゾの職人達,加隆佐的工匠们
ガロンゾの職人２,加隆佐的工匠2
ラカム達,拉卡姆等人
ガロンゾの職人１の声,加隆佐工匠的声音
ラカムとオイゲン,拉卡姆和欧根
ナターレ商艇の新頭領,纳塔勒商艇的新头领
フィアンセ,未婚妻
招待客,宾客
業者の男,修理工
ナターレ商艇の新頭領達,纳塔勒商艇新头领等人
ミハニコス,米哈尼库斯
ミハニコス達,米哈尼库斯一众
メネア皇国兵,梅涅亚皇国兵
ハイエスト,海耶斯特
ハイエストの声,海耶斯特的声音
テンペランス,Temperance
ザ・デビル,The・Devil
ザ・タワー,The・Tower
ザ・ムーン,The・Moon
ザ・サン,The・Sun
ハーゼリーラ,哈泽丽拉
モニカとビザン,莫妮卡与彼赞
星晶獣キクリ,星晶兽菊理
ヱビス,惠比寿
経営者,经营者
マリネラ,玛丽内拉
レギオン・ヴォイド,虚空军团
幽世の繭,幽世之茧
幽世の竜,幽世之龙
島民,岛民
クズレ,崩
スイ,翠
ヒトデナシ,非人之物
貴婦人,贵妇人
バイヤー,收购商
主催者,主办者
フタバ,二叶
ハイラ,哈伊拉
フタバの声,二叶的声音
依頼主,委托人
カロ＆カンターテ,卡洛和坎塔特
楽団員,乐团成员
シスター,修女
ひねくれた男の子,乖僻的男孩
魔物の声,魔物的声音
ミドガルズオルム,耶梦加得
ギーヴル,吉夫尔
酒場の常連１,酒吧常客１
酒場の常連２,酒吧常客２
酒場の常連3,酒吧常客３
移住者,移民
女性店員,女店员
イベンター,活动主办人
男性ファン,男歌迷
女性ファン,女歌迷
近隣の住民,附近的居民
ガランダ,加兰达
リスリサル大司教,里斯里萨尔大主教
フェニー,菲妮
噂好きの女性１,喜欢八卦的女性1
噂好きの女性２,喜欢八卦的女性2
暗い顔のお兄さん,脸色阴沉的小哥
クマがある女性,怀揣心事的女性
ダエッタ,达尔塔
怪しい人物,可疑人士