text,trans
%s が解放されました！,%s已解放！
%s さんからの、<br>フレンド申請がきています。,玩家%s申请添加您为好友。
%s さんからの、<br>フレンド申請を本当に却下しますか？,是否拒绝玩家%s的好友申请？
%s さんには<br><br>これ以上フレンド登録できません！,您的好友人数已满。
%s さんを<br><br>フレンド登録しました！,您已添加玩家%s为好友！
%s1%s2交換しました。%s3,已兑换%s1%s2。
%s1%s2個移動しました,转移%s1%s2个
%s1%s2入手しました。,获得%s1%s2
%s1%s2入手しました。<br>獲得した報酬はプレゼントリスト(期限なし)に<br>送られます。,获得%s1%s2。<br>奖励已发送至无期限礼物列表。
%s1の見た目を<br><br><span class='txt-color-orange'>%s2</span><br><br>に変更しました。,%s的外观已变更为<span class='txt-color-orange'>%s2</span>。
%s1をクリアすることで<br>%s2が仲間に加わります。<br>クエストを進行しますか？,完成%s1章节后，%s2将成为新伙伴。<br>是否进行此任务？
%s<br>%s が解放されました！,%s<br>%s已解放！
%s<br><br>このプレイヤーへの申請を取り消しますか？,%s<br><br>是否撤回向当前玩家发出的好友申请？
%s<br>をパーティに加えました。,%s加入队伍。
%s<br>を手に入れたぜ！,获得%s！
%s<br>を装備しました。,已装备%s。
%s<br>を設定しました。,%s<br>已设置。
%s<br>保護しました。,已保护<br>%s。
%s<br>保護しました。<br><br>保護を解除するまで<br>売却や強化素材にすることができません。,已保护%s。在取消保护前无法作为强化素材使用。
%s<br>保護を解除しました。,已取消保护<br>%s。
%s<br>保護を解除しました。<br><br>売却や強化素材に使用することができます。,%s的保护已取消。可以售出或选为强化素材。
%sJP入手しました。,已获得%sJP。
%sTOPに戻る,返回%s首页
%sがエレメントに変換され<br>プレゼントリストに送られました。,%s已被分解<br>道具已发送到你的邮箱。
%sがダブルアタック,%s二连击！
%sがトリプルアタック,%s三连击！
%sがパーティに加入しました。,%s已成为伙伴
%sが発動！,%s发动！
%sが発動！<br><span class='yellow'>%s</span>,%s发动！<br><span class='yellow'>%s</span>
%sが購入できます。,现在可以购买%s。
%sが足りません,%s不足。
%sさんに<br>申請しました。,已申请添加玩家%s为好友。
%sさんをスカウトしました。,已邀请%s入团。
%sさんを強制退室しました。,%s已退出房间。
%sに\nジョブチェンジした!!,您的职业变更为\n %s！！
%sにこれをあげよう,送给%s这个吧。
%sにクエスト権が変更されました,任务设置权已转移给%s。
%sにクエスト権を変更しました,已将任务设置权转移给%s
%sにクエスト権を変更しますか？,是否将任务设置权转移给%s？
%sに戻る,返回%s
%sの\n最大Lvが%s→%sになった！,%s的\n最大Lv由%s变为%s！
%sのジョブスキンが<br>変更できるようになりました！<br><br>ジョブの見た目を変更できます。, 您可以变更%s的职业皮肤了！您可以改变职业外观。
%sの武器が含まれています！,素材中含有%s武器！
%sの編成内容を<br>セット%sに登録しました。,%s的队伍已保存<br>为预设%s。
%sの見た目を<br>,%s的外观已更换为
%sへの挑戦,挑战%s
%sへ入団申請中,您已申请加入%s
%sを倉庫に移動,转移%s至仓库
%sを入手しました。,已获得%s
%sを売却,已售出%s
%sを終了しました。,%s已结束
%sを解散しました。,%s已解散。
%sを退団しました,%s已退团
%sエピソード未クリア,%s该章未通关
%sエピソード解放,%s剧情解放
%sエピソード解放条件,%s剧情解放条件
%sキャラ編成禁止,禁止出现%s角色
%sルピ,%s卢比
%sルピ入手しました。,已获得%s卢比。
%s中のため<br>除外することができません。,该装备在%s中，无法在自动装备时跳过该装备。
%s個,%s个
%s個交換しました。,已兑换%s个。
%s個入手しました。,获得%s个
%s個売却しました。,售出%s个
%s分,%s分
%s回目のダブルアップ<div class='text2'>続けて挑戦しますか？</div>,<div class='text2'>是否继续挑战</div>第%s次翻倍
%s完了,%s成功
%s属性キャラ<br>,%s属性人物
%s属性キャラ編成禁止,禁止出现%s属性角色
%s属性出現UPガチャ,%s属性出现率UP卡池
%s属性出現UPガチャ出現一覧,%s属性出现率UP卡池一览
%s文字以内で入力してください。,请输入%s字以内的信息。
%s日 ,%s天
%s時間 ,%s小时
%s時間%s分,%s小时%s分
%s番目と%s番目のスタンプの<br>表示順を入れ替えます。,调换%s号表情与%s号表情的位置。
%s番目に設定しているスタンプを<br>%s番目に移動します。,将当前%s号表情将移动至%s号位。
%s番目に設定する絵柄を選んでください,选择替换%s号表情的其他表情
%s確認,%s确认
%s連ガチャセットを購入,您已购买%s连抽卡套餐
%s達へのプレゼントじゃよ。,你们就收下吧。
&lt;開始条件&gt;,&lt;开始条件&gt
'獲得できませんでした。,获取失败
'獲得エラー,获取失败
(W)スターレジェンド10連ガチャ,必得10连卡池
1ゲーム最低%s枚必要です。<br>追加BETすることもできます。,一局游戏至少需要%s枚筹码。您可以提高赌注。
1以上の数を入力してください。,请输入1以上的数值。
1個入手しました。,您已获得1个。
1回だけ召喚可能です,只能召唤1次
1度参戦したのでこれ以上は<br>参戦することができません。,您已进行过该任务，无法再次进行。
1文字以上入力してください。,请至少输入1字。
30文字以内で入力してください。,请输入30字以内的留言。
48時間限定！<br>超得！！スタートダッシュガチャセットが購入できます！,48小时限定！现在可以购买新手特别扭蛋券！
4thAnniversaryガチャセットが購入できます。,可购买4周年抽卡券套餐！
5時を経過したためガチャTOPページへ遷移します。,已过去5小时，返回抽卡首页。
5時を経過したため画面を更新します。,已过去5小时，返回抽卡首页。
60分が経過したため、共闘クエストを終了します。<br>アイテムを使用できません。,60分钟已到，共斗任务结束。无法使用该道具。
<br><br>に変更しました。,<br><br>
<br><br>未クリアクエストのため、<br>AP%sが返却されました。<br><br>AP: %s→<span class='txt-after-ap'>%s</span>,<br><br>因您未成功通关该任务，<br>消耗的%sAP已回复。<br><br>AP: %s→<span class='txt-after-ap'>%s</span>
<br><span class='txt-red-color'>これ以上使用できません。</span>,<br><span class='txt-red-color'>无法使用。</span>
<br><span class='txt-red-color'>スコアが不足しています。</span>,<br><span class='txt-red-color'>分数不足。</span>
<br><span class='txt-yellow-color'>あと%s回使用できます。</span>,<br><span class='txt-yellow-color'>剩余%s次。</span>
<br>AP・BPはMAXですが投稿しますか？,您的AP·BP已满，是否继续投稿？
<br>楽器や歌による攻撃でゲージが大幅DOWN！,<br>通过乐器或歌声发动的攻击能使Mode条大幅下降！
<br>発動までのチャージターンが短縮された！,<br>发动前的缓冲回合数缩短！
<br>（現在の上限 %s）,<br>（现在的上限 %s）
<div class='prt-scout-msg prt-popup-frame'>%s</div>このメッセージを送り、スカウトしますか？,<div class='prt-scout-msg prt-popup-frame'>%s</div>是否发送该留言，邀请该玩家入团？
<span class='txt-attr%s'></span>に設定されていた<br>サポーター召喚石の固定を解除しました。,<span class='txt-attr%s'></span>支援召唤石已解除。
<span class='txt-birthday'>%s1%s2日は%s3さんの誕生日です！</span>マイページやルリアノートで、<br>特定のキャラクターからあなたの誕生日の<br>お祝いメッセージを聞くことができます。,<span class='txt-birthday'>%s1%s2日是你的生日！</span>在主页和露丽亚日记中可以听到大家对你的生日祝福。
<span class='txt-orange'>Sレア</span>が売却設定されています。<br><br>本当によろしいですか？<br><br>,自动出售设置中包含该设置包含<span class='txt-orange'>SR装备</span>。<br><br>是否继续？
<span class='txt-rarity-name'>SSレア</span>の%sが含まれています！,<span class='txt-rarity-name'>SSR</span> %s将被分解！
<span style='%s'>%s</span>さんをスカウトしました,已邀请<span style='%s'>%s</span>
AP%sを消費してクエストを開始します。<br>バトルがないクエストのため<br>サポーター召喚石の選択はありません。,该任务将消耗%sAP。<br>因任务中无战斗环节，无法选择支援召唤石。
AP%sを消費してクエストを開始します。<br>召喚石使用不可のクエストのため<br>サポーター召喚石の選択はありません。,该任务将消耗%sAP。<br>任务中不可使用召唤石，无法选择支援召唤石。
APが足りません,AP不足
APを%s消費してクエストを開始します。<br>特別な編成で挑むクエストのため<br>サポーター召喚石の選択はありません。,该任务将消耗%sAP。<br>您将以特殊队伍挑战该任务，无法选择支援召唤石。
AP・BPはMAXですが投稿しますか？,您的AP·BP已满，是否继续投稿？
AP使用確認,AP使用确认
AP消費のないクエストを開始します。<br>特別な編成で挑むクエストのため<br>サポーター召喚石の選択はありません。,该任务不消耗AP。<br>您将以特殊队伍挑战该任务，无法选择支援召唤石。
Anniversaryスキンセットが購入できます。,可购买周年庆皮肤套餐！
BP,BP
DMMポイントショップ,DMM Coin Shop
EXTREME解放,EXTREME解放
EXアビリティ,SX技能
EXアビリティを解除しますか？,是否解除EX技能？
EXアビリティ解除,解除EX技能
EXアビリティ選択,EX技能选择
H,HP
HARD解放,HARD解放
HPが最大のため、<br>アビリティを使用できませんでした,HP已满，无法使用该技能
LB Class:低い順,LB Class:从低到高
LB Class:高い順,LB Class:从高到低
LB入手,获得LB
Limit Bonus Classアップ,Limit Bonus UP
Limit Bonus解禁,技能点数解锁
LinksMateについて,关于LinkMate
Lv,Lv
PCブラウザ版設定,PC游览器版设置
PC版からの移動が制限されているページの為<br>このボタンからのページ移動はできません。,PC版无法查看此页，点击该按钮无法前往下一页。
RANK上限解放,等级上限解放
Rank%sに達していないため<br>このクエストを開始することが出来ません。,等级不满Rank%s，无法开始此任务。
Rank10以上,Rank10以上
Rankを指定しない,无等级限制
Rankアップ,等级提升
SGFポイント交換,SGF点数兑换
SSレア,SSR
SSレア確定ガチャ,必出SSR卡池
SSレア確定ガチャ出現一覧,必出SSR卡池提供装备一览
SSレア確定ガチャ提供割合（出現率）,必出SSR卡池提供概率
Sレア,SR
Sレア以上確定ガチャ,必出SR以上卡池
Sレア以上確定ガチャ出現一覧,必出SR以上卡池提供装备一览
Sレア以上確定ガチャ提供割合（出現率）,必出SR以上卡池提供概率
TGS限定イベントに<br>チェックインしていないため<br>参加できません。,东京游戏展限定任务。您未参加东京游戏展，无法开始任务。
TPが0になったため<br>進行中のクエストから撤退し、<br>探索を終了しました。,TP已为0，退出当前任务，结束探索。
Twitterとの連携を認証しました。,您已绑定推特账号。
Twitterに投稿しました。,已分享至Twitter
Twitterに投稿することでAP・BPが回復します。,分享至推特可回复AP与BP。
Twitter投稿,分享至推特
Twitter投稿により<br>AP・BPが回復しました。,AP·BP已回复。
Twitter連携,绑定Twitter
Tエリクシール,T复活药
[ %s ] <br>この名前で騎空団を結成します。,是否命名为<br>%s？
[ %s ]<br>への申請を取り下げますか？,是否取消申请加入[ %s ]？
[ %s ]に入団申請をしました。,您已申请加入[ %s ]。
[ %s]<br>への申請を取り下げますか？,您确定取消加入<br>[ %s]吗？
[ %s]に入団申請をしました。,您已申请加入[ %s]。
[ %s]への申請を取り下げました。,已取消申请
※初回クリア時まで<br>,※初次通关后解除限制
※初回限定ガチャは通常のレジェンド10連ガチャとは提供割合、およびキャンペーン内容が異なります。,※初回限定抽卡的出现概率以及内容与普通10连不同。
※武器Lv、スキルLvは引き継がれます<br>※スキル追加後、元に戻すことはできません,※武器等级、技能等级不会重置※添加技能后无法还原。
「%s1」<br>このクエストを登録しますか？<br><br>現在のお気に入り登録数<br>%s2/%s3,「%s1」<br>是否收藏此任务？<br><br>现在的收藏数<br>%s2/%s3
「%s」<br><br>このクエストをお気に入りから外しますか？,「%s」<br><br>是否取消收藏此任务？
「アーカルムの転世」の<br>チュートリアルを完了しました。,「阿尔卡那的转世」教学关已结束。
「騎空士の道は一日にしてならず」ですよ～<br>頑張ってくださいね～,有句话叫「成功的骑空士不是一蹴而就的」~继续加油哦~
」<br>このクエストを登録しますか？<br><br>現在のお気に入り登録数<br>,」<br>是否收藏此任务？<br><br>现在的收藏数<br>
あきらめる,放弃
あと,还剩
あと%s枚購入可能,您还能购买%s枚筹码。
いってらっしゃ～い！<br>旅のご無事を祈っています～,一路平安！祝你好运哦~
うねる影塊,扭曲的黑影
おすすめ一括強化設定,推荐素材设置
おすすめ強化,一键强化
おすすめ素材がありません。,无指定推荐素材
おすすめ編成,自动编队
おまかせ編成,自动组队
おまかせ編成しました。,自动组队完毕。
おまかせ編成完了,自动编队
おまかせ編成確認,自动组队确认
お宝を見つけたからといって、油断してはいけませんよ～,发现宝藏的时候也不能大意哦~
お気に入りが登録されていません,无收藏任务
お気に入りに登録しました。<br><br>現在のお気に入り登録数<br>,收藏成功。<br><br>现在的收藏数<br>
お気に入りに登録しました。<br><br>現在のお気に入り登録数<br>%s1/%s2,收藏成功。<br><br>现在的收藏数<br>%s1/%s2
お気に入りの登録数が最大数に達しているため、<br>登録ができませんでした。,收藏数已满，无法添加收藏。
お気に入りクエスト登録,是否收藏此任务
お気に入りクエスト解除,取消收藏
お気に入り登録確認,添加收藏任务确认
お誕生日おめでとうございます！,生日快乐！
お金は大切にしましょうね～<br>お金はおっかね～！<br>ですので～,金钱不是万能的~没有钱是万万不能的~！
お金を拾ったら披露しましょう～拾うだけに。<br>うぷぷぷ,捡到钱不能隐瞒哦~要告诉别人你捡到钱啦。呵呵呵
かんたん会員の方はログアウトできません。,错误，简易会员无法登出
ぐらぶるっ!,四格漫画
ぐらぶるっ! タイトル一覧,四格漫画目录
このアビリティは現在のジョブに<br>セットされています。,该技能属于当前职业技能。
このエピソードは<br>イベントでの謎解きに対する解答が<br>「正解」か「不正解」かによって<br>一部内容が異なります。<br><br>どちらの内容で再生しますか？,该剧情根据活动中玩家的回答是否正确有细微差异。请选择想要查看的剧情版本。
このキャンペーンは終了しました。,活动已结束
このクエストから撤退しました。,您已从当前任务中撤退。
このクエストでは、装備中の武器のスキル、召喚石の加護効果、騎空団サポートが適用されない特殊制限バトルになります。,该任务中，装备武器技能、召唤石加护效果、骑空团支援效果无效。
このクエストでは、装備中の武器のスキル、召喚石の加護効果が適用されない特殊制限バトルになります。,该任务中，装备武器技能以及召唤石加护效果无效。
このクエストはあと%s回挑戦できます。,这个任务还能进行%s次
このクエストを開始するには<br>%sルピが必要です。,进行此任务需要消%s卢比。
このジョブでは設定できない<br>EXアビリティのため解除しました。,该职业无法使用的EX技能已被移除。
このスタンプを%s番目に設定します。,设置该表情为%s号表情。
このバトルでは召喚できません,此任务无法使用召唤石
このバトルは参加可能人数上限に達しています。<br>マイページに戻ります。,参战人数已达上限，返回主页。
このバトルは参加可能人数上限に達しています。<br>ルームに戻ります。,参战人数已达上限，返回房间。
このバトルは終了しました,战斗结束。
このプレイヤーのスカウトを取り下げますか？,是否取消邀请该玩家？
このプレイヤーは、<br>第4章 をクリアしていないため、<br>スカウトできません。,该玩家未通关第4章，无法邀请。
このプレイヤーは既に退団しているため、<br>役職を変更できませんでした。,该玩家已退团，<br>无法变更职位。
このプレイヤーへのスカウトを取り下げますか？,是否取消邀请该玩家？
このメッセージを送り、スカウトしますか？,是否发送该留言，邀请该玩家入团？
このメンバーはすでに退室しています。,该玩家已退出房间。
この組み合わせで上限解放しますか？<br>,确认使用当前素材来上限解放吗？
これは、わしからのお礼じゃよ。,这是我给你们的礼物。
これらの%sは失われますが、<br>よろしいですか？,你会失去这些%s<br>没问题吗？
これ以上上限解放できません。,无法继续上限解放
これ以上強化できません。,无法继续强化
これ以上救援依頼を出せません。,无法再发送救援请求。
これ以上登録できません,无法添加收藏
ご利用の前に,使用须知
ご協力ありがとうございました。,感谢您的配合。
すでにクエストが設定されています。<br>このクエストを設定するためには、<br>設定済みのクエストを取り下げる<br>必要があります。,您已设置任务。<br>若要变更任务，请先取消当前任务。
すでにクエストを開始しています。<br>アイテムを使用できません。,任务已开始。无法使用该道具。
すでに招待しています。,您已向该玩家发出过邀请。
すでに素材が選択されています,您已选择强化素材
と～っても貴重な武器のレプリカと<br>交換ができちゃいます～,在这里可以兑换超~级贵重武器的复制品~
なし,无
なァ……,呐……
のジョブスキンが<br>,的职业皮肤
ほっほっほっほ。受け取っておくれ。,吼~吼~吼~吼。收下吧。
よろず屋サポート,万事屋支援效果
よろず屋サポートの効果を<br>最大<span>Lv.%s1</span>まで発動できます。<br>最大<span>%s2つ</span>まで同時に発動できます。,万事屋支援效果最高<span>Lv.%s1</span>，最多同时发动<span>%s2个</span>。
よろず屋サポート効果UPキャンペーン,万事屋支援效果UP活动
アイテム,道具
アイテムについて,关于道具
アイテムを使用,使用道具
アイテムを使用しました。,道具已使用
アイテムエフェクト確認,道具效果确认
アイテム一覧,道具一览
アイテム使用,使用道具
アイテム使用不可,无法使用该道具
アイテム使用完了,道具已使用
アイテム使用最終確認,使用道具最终确认
アイテム使用確認,道具使用确认
アイテム使用結果,道具使用结果
アイテム入手,获得道具
アイテム獲得,获得道具
アイテム獲得！,获得新道具
アイテム詳細,道具详情
アイテム追加,增加道具
アイテム通知,道具提醒
アイテム選択,选择道具
アカウント制裁措置の実施について,关于违规账号的处罚
アカウント制裁措置の実施についての説明,关于违规账号的处罚
アクイラ・キーストーン,天鹰之柱
アサルトタイム,突击时间
アサルトタイムについて,关于突击时间
アサルトタイム設定完了,突击时间设置完毕
アシストボーナス,等级加成
アドベンチャーパートをスキップしますか？<br><span class='color-yellow'>スキップしてもアイテムは入手できます。</span>,确认跳过冒险环节吗？<br><span class='color-yellow'>依旧能够获得道具。</span>
アビリティ,技能
アビリティレール,技能槽
アビリティ使用,使用技能
アビリティ使用による獲得%sが上限に達しているため、これ以上%sを獲得できません,技能贡献%s已达上限，无法再获得%s。
アビリティ使用不可,无法使用技能
アビリティ使用不可状態のため発動できません,当前无法发动技能
アビリティ効果,技能效果
アビリティ獲得,获得技能
アビリティ習得,习得技能
アビリティ覚醒,技能觉醒
アビリティ詳細,技能详情
アプリケーションに新しいバージョンがあります。,APP有新版本。
アプリ版キャッシュ設定,APP版缓存设置
アプリ版専用設定,APP版专用设置
アリーザの一言,亚里莎的建议
アーカルムの転世,阿尔卡那的转世
アーカルムの転世に戻る,返回阿尔卡那的转世
アーカルム召喚石,阿尔卡那召唤石
イベントTOP,活动主页
イベントTOPに戻る,返回活动主页
イベントTOPへ,活动主页
イベント「%s」を表示します<br><br>※非表示に戻すことは出来ません,显示活动「%s」的任务。br><br>※该操作无法撤销。
イベントアイテム獲得,获得活动道具
イベントトップ,活动主页
イベントボーナス,活动加成
イベントマルチバトル,活动多人战斗
イベント称号,活动称号
イベント終了,活动结束
インターミッションに突入したためバトルを終了します,进入中场休息，战斗结束。
エクストラクエスト,特别任务
エクストラクエスト出現時間終了,任务出现时间结束
エピソード1,第1章
エピソード2,第2章
エピソード3,第3章
エピソード4,第4章
エピソード解放,人物剧情解放
エラー,错误
エラーにより送信できませんでした。,发生错误。消息发送失败。
エレメント化,批量分解
エレメント化確認,分解确认
エレメント化結果,分解结果
オメガの極点,终焉之极点
オメガの極点に戻る,返回终焉之极点
オメガウェポンの作成・強化,究极武器的制作·强化
オーナーにより解散が実行された、<br>または、ルームの制限時間を超過しました。,房主已解散房间，或房间时限已过。
オーナーの要請により<br>ルームから退室しました。,房主已将您请出房间。
オーバードライブ発動！<br>モンスターが強力な技の発動準備に入った！%s%s,OVERDRIVE！<br>敌人准备发动强力攻击！
オープニング,序章
カジノ,赌场
カジノTOP,赌场首页
カジノへ,返回赌场
カジノ艇,移动赌场
ガチャ,抽卡
ガチャを引くことができません。<br>恐れいりますが、再読み込みをしてから<br>もう一度お試しください。,抽取失败。<br>请刷新后重试。
ガチャ出現キャラ一覧,查看卡池中出现的所有人物
ガチャ結果,抽卡结果
キャッシュクリアを行いました。,已清除缓存
キャラ,角色
キャラHP,人物HP
キャラのタイプ:A,人物类型
キャラのタイプ:B,人物类型
キャラのタイプ:バランス/攻撃〜,人物类型：平衡/攻击〜
キャラのタイプ:特殊/回復〜,人物类型：特殊/回复〜
キャラの属性:火/水〜,人物属性:火/水〜
キャラの属性:闇/光〜,人物属性:暗/光〜
キャラの最大HP:低い順,人物最大HP：从低到高
キャラの最大HP:高い順,人物最大HP：从高到低
キャラの最大攻撃力:低,人物最大攻击力：低
キャラの最大攻撃力:低い順,人物最大攻击力：从低到高
キャラの最大攻撃力:高,人物最大攻击力：高
キャラの最大攻撃力:高い順,人物最大攻击力：从高到低
キャラクターを選択してください。,选择人物
キャラクタークエスト,人物剧情任务
キャラクター詳細,人物详情
キャラクター詳細で使用するPOSEを設定できます。,选择人物详情页显示的POSE。
キャラタイプ,人物类型
キャラ一覧に戻る,返回人物一览
キャラ上限解放,角色上限解放
キャラ上限解放TOPに戻る,返回角色上限解放首页
キャラ入れ替え,更换人物
キャラ属性,人物属性
キャラ強化,人物强化
キャラ強化TOPに戻る,返回人物强化首页
キャラ攻撃力,人物攻击力
キャラ紹介,人物介绍
キャラ詳細,人物详情
キャラ詳細に戻る,返回人物详情
キャンセル,取消
キャンペーン,活动
キャンペーンについて,关于活动
キャンペーンの当選結果が来ています。,你在活动中当选！
クエスト,任务
クエスト[%s]の有効期限が切れました,任务[%s]已超时
クエストid:%s<br>レベル:%s<br>イメージ:%s<br>レベル:%s<br>AP:%s<br>クエスト数:%s<br>クリアクエスト数:%s<br>報酬タイプ:%s,任务id:%s<br>等级:%s<br>イメージ:%s<br>等级:%s<br>AP:%s<br>任务数:%s<br>完成任务数:%s<br>奖励类型:%s
クエストが開始されていますが、<br>以下のキャラがパーティに編成されているため<br>クエストに参加できません。<br>パーティの編成をしてから<br>クエストに参加してください。,以下人物在队伍中，无法参加任务。请整理队伍后重试。
クエストが開始されていますが、<br>以下の召喚石がパーティに編成されているため<br>クエストに参加できません。<br>パーティの編成をしてから<br>クエストに参加してください。,以下召唤石在队伍中，无法参加任务。请整理队伍后重试。
クエストに挑戦可能となりました。,任务限制解除，可以挑战任务
クエストの有効期限が切れました。<br><br>アーカルムの転世<br>クエスト 「%s1」<br><br><span class='txt-retire-attention'>撤退に必要なTPが不足しているため<br>探索を終了しました。</span>,任务超时。阿尔卡那的转世任务「%s1」<span class='txt-retire-attention'>因剩余TP不足无法撤退，结束探索。</span>
クエストの有効期限が切れました。<br><br>アーカルムの転世<br>クエスト 「%s1」<br><br>TPを%s2消費してバトルから撤退しました。,任务超时。从阿尔卡那的转世任务「%s1」消耗%s2TP撤退。
クエストを取り下げました。,已取消当前任务。
クエストを実行するためのAPが<br>現在の最大APを上回っています。<br>APはRankを上げることで<br>最大値が上昇します。,该任务消耗的AP超过现AP最大值。AP最大值会随等级提升而增加。
クエストを実行するためのAPが現在の<br>最大APを上回っています。<br><br>APはRankを上げることで最大値が<br>上昇します。,该任务消耗的AP超过现AP最大值。AP最大值会随等级提升而增加。
クエストを設定できません,无法设置任务
クエストを進めよう！,进行任务吧！
クエストを開始できません,无法开始任务
クエストクリア,任务完成
クエストクリア報酬,通关奖励
クエストコンプリート報酬,任务奖励
クエストリスト,任务列表
クエスト再開,回归任务
クエスト取り下げ,取消任务
クエスト変更,变更任务
クエスト撤退,从任务中撤退
クエスト撤退確認,撤退确认
クエスト権変更,变更任务设置权
クエスト準備を取り下げます。<br>よろしいですか？,是否取消当前任务？
クエスト確認,任务确认
クエスト終了,结束任务
クエスト解放,任务解放
クエスト選択,选择任务
クエスト開始条件,任务开始条件
クエスト離脱,离开任务
グラッジチャンク設置上限数が%s個に設定されているため、%sに挑戦することができません。,您当前的肉块上限数量为%s个，无法挑战%s。
グラパス,GrablueSkyCompass
グラパスと連携する,绑定GranblueSkyCompass
グラブルコイン,Granblue Coins
グラブルコインショップ,Granblue Coin Shop
グリーコインショップ,GREE Coin Shop
ゲーム終了,结束游戏
コメントが未入力です。,您未输入描述。
コメントは24文字までです。,描述最多24字。
コメントは30文字までです。,请输入30字以内的文字。
コメントは45文字までです。,请输入45字以内的信息。
コメントを入力してください。,请输入信息。
コメント編集,输入评价
コラボキャンペーン,联动
コンティニュー,继续
サイドストーリー,番外故事
サイドストーリーキャンペーン開催！<br>サイドストーリーを遊んで<br>仲間キャラとSSレア武器をGET！,番外故事活动开始！<br>阅读番外故事，获得新同伴与SSR武器！
サウンド設定,声音设置
サバイバルモード,生存模式
サブメンバーは一人までしか選択できません,您至多能选择一名替补成员。
サプライズ！！スペシャルガチャセットが<br />購入できます。,大惊喜！！现在可以购买特别扭蛋券！
サポーターの召喚石が変更されました。<br>再度サポーターを選択してください。,您选择的支援召唤石已被更换。请重新选择。
サポーターを選択してください。,请选择支援召唤石。
サポーター選択,选择支援召唤石
サポートアビリティ獲得,习得辅助技能
サモン・クレイドル交換,兑换劣化神石
シェロちゃんとよろず屋を今後ともご贔屓に～！,以后也多多惠顾哦~！
シェロカルテに渡す<br>ルピ、もしくは必要素材が不足しています。,交给榭洛科特的卢比或素材不足。
シェロカルテに設備拡充のための<br>素材を渡しました。,已将素材交给榭洛科特扩充设备。
シェロカルテに設備拡充のための<br>素材を渡しますか？,确定将素材交给榭洛科特扩充设备吗？
シェロカルテの特別交換券,榭洛科特的特别交换券
シナリオパターン選択,选择剧情
ショップ,商店
ショップへ,商店
シンボルマークを変更しました。,变更标记成功
シンボルマーク変更,变更标记
ジェム,晶石
ジェムの入手,获得晶石
ジャックポット当選者,幸运榜
ジュークボックス,点唱机
ジョブの取得,获得职业
ジョブの取得条件,职业获得条件
ジョブチェンジ,更换职业
ジョブチェンジに戻る,返回职业变更
ジョブ一覧,职业一览
ジョブ一覧に戻る,返回职业一览
ジョブ取得,获得职业
ジョブ変更確認,更换职业确认
ジョブ詳細,职业详情
ジョブ詳細画面より変更できます。,可在职业详情页面设置。
スカウト,邀请
スカウトできません,邀请失败
スカウトできません。<br><br>時間を置いてもう一度スカウトしてください。,邀请失败。<br><br>请稍后再试。
スカウトリスト,邀请列表
スカウト中の人はいません。,无邀请中的玩家。
スカウト取り下げ,取消入团邀请
スキップ確認,跳过
スキルLv:低,技能LV：低
スキルLv:高,技能LV：高
スキルブースト,技能强化
スキルレベル,技能等级
スキル変更,变更技能
スキル変更完了,变更技能成功
スキル変更確認,变更技能确认
スキル詳細,技能详情
スキル追加完了,已添加技能
スキル追加確認,添加技能确认
スキル：,技能：
スキン,皮肤
スキンを選択してください,请选择皮肤
スキン・POSE切り替え,变更皮肤·POSE
スキン・POSE切り替え設定,皮肤 · POSE 切换设置
スキン切り替え,变更皮肤
スキン変更,变更皮肤
スキン変更確認,皮肤变更确认
スキン変更解禁,解锁皮肤变更
スタンプ,表情
スタンプの移動先を選んでください,选择表情移动位置
スタンプを送りました。,表情已发送。
スタンプセット編集,编辑表情
ステラストーン,星石
ステージクリア,通关
ステージ効果発動,发动状态效果
ステージ効果解除,解除效果
ステージ解放,解放关卡
ステータス,进程
ステータス「毒」発生,进入「中毒」状态
ステータス上書き確認,确认覆盖
ステータス効果,状态效果
ストーリー,剧情
ストーリーはありません,无剧情
ストーリー図鑑,故事图鉴
ストーリー称号,剧情称号
ストーリー解放,剧情解放
スロット,老虎机
スロットTOPに戻りますか？,是否返回老虎机首页？
セットできるEXアビリティは<br>2つまでです,您只能设置2种EX技能。
セットできるEXアビリティは<br>2つまでです。,您只能设置2种EX技能。
セットできるベースアビリティは<br>2つまでです,您只能设置两种基础技能。
セットできるリミットアビリティは<br>2つまでです,您只能设置两种附加技能。
セットできるリミットアビリティは<br>2つまでです。,您只能设置两种附加技能。
セットを所持していません,无预设
セット上限に達しているため、<br>編成を登録できませんでした。,预设数量已达上限，队伍保存失败。
セット不可,无法设置
セット中のEXアビリティと同じ<br>アビリティが存在する為、<br>セット中のEXアビリティは解除されました。,现有技能中已存在该技能，故当前EX技能已解除。
セット出来るEXアビリティがありません。,无可设置EX技能
セット済みのアビリティ,现有技能
セブンス・ペイン,七色伤痛
セラフィックウェポン一覧,天司武器一览
ソート設定,查找设置
ターン,回合
ターン後,回合后
ダブルアップに挑戦しますか？,是否继续挑战翻倍？
ダブルアップの種類選択,选择翻倍的牌类
チェインバースト,奥义连击
チェインバーストで使用する<br>POSEを設定できます。,选择奥义连击显示的POSE。
チェックポイント到達,抵达存档点
チケット,扭蛋券
チケットが足りません,扭蛋券不足
チケットを利用します。<br>よろしいですか？,是否使用扭蛋券？
チケットガチャ,扭蛋券卡池
チケット使用確認,确认使用
チャット,聊天
チャット(スタンプ),聊天（表情）
チャットを送りました。,聊天已发送。
チャット・スタンプ設定,聊天·表情设置
チャット機能の有効化,启用聊天功能
チャット設定,聊天设置
チャット通知設定,聊天通知设置
チャット通知設定完了,聊天通知设置完毕
チャレンジクエスト,挑战任务
チャンクキャンドル設置上限数が%s個に設定されているため、%sに挑戦することができません。,您当前的肉块上限数量为%s个，无法挑战%s。
チュートリアル中のため<br>撤退できません。,教学关无法撤退。
チュートリアル完了,教学关已完成
チョコ受け取り,接受巧克力
ディール対象アイテム獲得,获得分配奖励
デイリーミッション,每日任务
データの取得ができません。<br>お手数ですがTOPページかマイページから<br>ゲームを再開してください。,获取数据失败。请返回登录界面或主页重新进入游戏。
データ取得エラー,获取数据失败
トップページ,首页
トレジャー,物品素材
トレジャー交換,物品兑换
ドロップ狙い,掉宝
ノヴムの覚醒 ‐進化の道程‐,新星之觉醒 -进化之路-
ノヴムの覚醒に戻る,返回新星之觉醒
ハッピーホワイトデー！,白色情人节快乐！
バトル,战斗
バトルから撤退し<br>チュートリアルを再開します。,撤退并重新进入教学关。
バトルに戻る,继续战斗
バトルのないクエストのため、<br>イベントスキップ設定をONにしている状態で<br>クエストを開始することが出来ません。<br><br>イベントスキップ設定をOFFにすることで<br>クエストを開始することが出来ます。,当前任务无战斗，并且已设置默认跳过剧情，因此无法开始任务。
バトルポイントが足りません。<br>マイページに戻ります。,BP不足，返回主页。
バトルポイントが足りません。<br>ルームに戻ります。,BP不足，返回房间。
バトルメニュー,战斗菜单
バトルメンバーが変わったため、<br>アビリティレールをリセットしました,战斗成员改变，技能槽已清空。
バトルログ,战斗日志
バトル中のキャラクターアイコンで使用する<br>POSEを設定できます。,选择战斗中显示的POSE。
バトル中のキャラクターアニメーションで使用するPOSEを設定できます。,选择战斗中人物动画的POSE。
バトル中のパーティがいます,您还处于战斗中
バトル中キャラクター,战斗
バトル前,战斗前
バトル履歴,战斗履历
バトル履歴はありません。,无战斗履历
バトル設定,战斗设置
バハムートの鉤爪交換,兑换巴哈姆特的勾爪
バレンタインチョコ購入,购买情人节巧克力
パソコンからのご利用について,关于电脑端的使用
パンデモニウム,伏魔殿
パーティを解散します。<br>本当によろしいですか？<br>（メイン召喚石を除く全てが外れます）,是否解散队伍？除主召唤以外的装备将全部卸下。
パーティ編成変更,编队变更
パーティ解散,解散队伍
ヒント,帮助
ヒール,回复
ビンゴ,宾果
ビンゴゲーム中ですが退室しますか？<br>ゲームが終了した場合<br>もう一度ビンゴを選択すると<br>リザルトから始まります。,您在宾果游戏中，是否退出房间？若本局结束后您再次选择宾果，将首先看到本局结果页面。
ビンゴプレイ中,宾果进行中
ビンゴ結果,宾果
フェイト,人物剧情
フェイトエピソード,人物剧情
フェイトエピソードがあります！,有未通关的人物剧情！
フェイトエピソード紹介,人物剧情介绍
フェイトエピソード解放,人物剧情解放
フェイトエピソード解放条件,人物剧情解放条件
フツルスの大成 -終焉の神器-,选召之大成 -终焉之神器-
フツルスの大成に戻る,返回选召之大成
フリーに設定されていた<br>サポーター召喚石の固定を解除しました。,任意属性支援召唤石已解除
フリークエスト,支线任务
フリー固定召喚石,任意属性支援召唤石
フレンド,好友
フレンドでないため加護は発動しません,非好友的支援召唤石，无法发动加护。
フレンドの解除に失敗しました。,删除失败
フレンドを解除しました。,已删除
フレンド一覧,好友列表
フレンド数 %s/%s 人,好友人数 %s/%s 人
フレンド検索,搜索好友
フレンド申請,好友申请
フレンド申請が来ています。,有未处理的好友申请！
フレンド申請の却下に失敗しました。,拒绝好友申请失败
フレンド申請を却下しました。,已拒绝
フレンド申請を行いました。,好友申请已发送。
フレンド解除,删除好友
フレンド限定,仅好友
ブックメーカー,作家
ブレイク発生！<br>モンスターが技を使用できなくなった！<br>さらに味方のダブル・トリプルアタック発動率アップ！,BREAK！<br>敌人无法使用强力攻击！<br>我方DA·TA率UP！
ブーストアイテム入手,获得经验道具
ブーストアイテム獲得,获得经验道具
プレイスタイルを設定しない,无游戏频率限制
プレイヤー名を変更しました,已变更昵称
プレイヤー名変更,变更昵称
プレゼント,礼物
プレゼントの受取期限が過ぎています。,该礼物已过期
プレゼントリスト,礼物
プレゼントリストに送られました。,已发送到礼物列表
プレゼント受取,收取礼物
プレゼント受取不可,无法收取礼物
プレゼント詳細,道具详情
プロフィール,个人资料
プロフィールに戻る,返回个人资料
プロローグ,开幕
ヘルプ,帮助
ベッティングカード,下注卡
ベース召喚石が条件を満たしていない、<br>倉庫に格納されている、もしくは<br>必要素材が不足しているため、<br>%sできません。,因召唤石未满足条件，或被收纳于仓库，或材料不足，%s失败。
ベース武器が打ち直し条件を<br>満たしていない、もしくは必要素材が<br>不足しているため、%sができません。,基础武器未满足条件，或素材不足，%s失败。
ベース武器が打ち直し条件を<br>満たしていない、もしくは必要素材が<br>不足しているため、強化ができません。,基础武器未满足条件，或素材不足，无法制作。
ベース武器が打ち直し条件を<br>満たしていない、もしくは必要素材が<br>不足しているため、製作ができません。,基础武器未满足条件，或素材不足，无法制作。
ページを開けません。アドレスが無効です。,无法打开页面。地址无效。
ホリデーセール,假期特惠
ホワイトデーの贈り物,白色情人节的礼物
ホワイトデーの贈り物購入,购买白色情人节礼物
ホールドするカードを選択,选择保留的手牌
ボックスをリセットしました<br><br>%s,重置卡池成功<br><br>%s
ボーナス　獲得ルピ＋%s,获得额外卢比＋%s
ボーナスリセット完了,重置技能点
ボーナスリセット確認,重置点数
ボーナス確認,确认加成数据
ポイント交換はチュートリアル完了後<br>解放されます。,点数兑换功能将在完成教学关后开启。
ポイント獲得,获得点数
ポイント詳細情報,点数详情
ポーカー,扑克
ポーカーTOPに戻りますか？,是否返回扑克首页？
ポーカーを始めます,开始扑克游戏。
マイページ,主页
マイページで表示するPOSEを設定できます。,选择主页显示的POSE。
マイページに戻る,返回主页
マイページ設定,主页设置
マイペースにプレイ,量力而行
マスターボーナス習得,Master Bonus习得
マラソンクエスト,多连任务
マルチバトル,多人战斗
マルチバトルから撤退しました。,已从多人战斗中撤退。
マルチバトルでも有効,多人战斗中也能使用
マルチバトルで使用している編成は<br>チャレンジクエストでは使用できません。,挑战任务无法使用多人战斗队伍。
マルチバトルの制限時間が切れています。<br>マイページに戻ります。,该多人战斗已超时，返回主页。
マルチバトルの制限時間が切れています。<br>ルームに戻ります。,该多人战斗已超时，返回房间。
マルチバトルログ,战斗日志
マルチバトル一覧,副本列表
マルチバトル承認,多人战斗准备
マルチバトル撤退,从多人战斗中撤退
ミッション報酬,任务奖励
ミッション報酬のリセット,重置任务奖励
ミッション報酬を全て受け取りました。<br>ミッション報酬在庫をリセットします。,您已兑换全部奖励。刷新任务奖励。
ムーン交換,月亮交换
メインクエスト,主线任务
メインシナリオ,主线剧情
メイン召喚でないため加護は発動しません,非主召唤，无法发动加护
メイン召喚石には除外中の<br>召喚石を設定することができません。<br><br>除外設定を解除して装備しました。,自动组队时设为忽略的召唤石无法设为主召唤。请取消忽略后重试。
メイン武器に「%s」を装備,装备主手武器「%s」
メイン武器に『%s』を<br>装備しているため、<br>スキン変更はできません。,您将『%s』设为了主手武器，无法变更皮肤。
メダルがありません。<br><br>1ゲーム最低%s枚必要です。,筹码不足。一局游戏至少需要%s枚筹码。
メダルがなくなりました。,您的筹码不足。
メダルが足りません。<br>メダルは%sTOPで<br>購入することができます。,筹码不足。请前往%s首页购入筹码。
メダルゲット,获得筹码
メダル不足,筹码不足
メダル購入,购买筹码
メダル購入完了,购买筹码成功
メダル購入確認,购买筹码确认
メメントチャンク設置上限数が%s個に設定されているため、%sに挑戦することができません。,您当前的肉块上限数量为%s个，无法挑战%s。
メンテナンス中,维护中
メンバー,成员
モバコイン,MobaCoin
モバコインショップ,MobaCoin Shop
モルフェ,墨菲
ラッキーガチャ,幸运抽卡
リサイクル化使用設定,回收功能的设置
リスト,列表
リストで使用するPOSEを設定できます。,选择列表显示的POSE。
リストに戻す,返回列表
リストに戻る,返回列表
リストへ移動しました,已转移至列表
リセットする,重置
リベンジボーナス,再挑战加成
リベンジボーナス確認,确认再挑战加成
リミットアビリティ習得,习得附加技能
ルピ,卢比
ルピ を受け取りました！,卢比
ルピで強化する,使用卢比强化
ルピの所持限界を超えてしまうため<br>売却できません。,您的卢比满额，无法出售。
ルピを寄付する,捐赠团费
ルリアが倒れたため召喚できません。,露丽亚已倒下，无法召唤
ルリアが召喚不可状態<br>のため召喚できません。,露丽亚当前无法发动召唤。
ルリアノート,露丽亚日记
ルーム,房间
ルームから退室しました。,您已退出房间。
ルームから退室しますか？,是否退出当前房间？
ルームが解散しました。<br>アイテムを使用できません。,房间已解散。无法使用该道具。
ルームを解散しました。,房间已解散。
ルームを解散しますか？,是否解散房间？
ルームオーナーから<br>クエスト権を受け取りました。<br>任意のマルチバトルを<br>設定することができます。,房主已授予您任务设置权。<br>您能够设置任意的多人战斗。
ルームチャット一覧,房间聊天一览
ルームメンバーの準備が整いました。<br>開始ボタンでクエストを開始します。,所有玩家准备完毕。
ルームメンバーの準備を待ちましょう。,请等待房间内其他玩家准备。
ルームメンバー全員が<br>準備OKを宣言しているため、<br>%sできません。,所有玩家准备OK，无法%s。
ルーム作成,创建房间
ルーム情報変更,房间信息更新
ルーム情報確認,房间信息确认
ルーム解散は却下されました。,解散房间失败
ルーム解散承認中,解散房间请求审核中
ルーム解散承認依頼,解散房间请求
ルーム解散承認結果,解散房间请求结果
ルール（%s),规则（%s)
レア,R
レア以上の%sを<br>売却しようとしています！,您将出售R以上%s！
レア以上の武器を<br>素材にしようとしています！,素材中含有稀有武器！
レア度,稀有度
レア度:低,稀有度:低
レア度:低い順,稀有度:从低到高
レア度:高,稀有度:高
レア度:高い順,稀有度:从高到低
レジェンド10連ガチャ,高级10连卡池
レジェンドガチャ,高级卡池
レジェンドガチャが更新されました,高级卡池已更新
レジェンドガチャ出現一覧,高级卡池提供装备一览
レジェンドガチャ提供割合（出現率）,高级卡池提供概率
レビューを書くと、<br>「レジェンドガチャチケット」1枚<br>を獲得できます。<br>レジェンドガチャチケットは<br>プレゼントリストに送られます。,评分后将获得「高级卡池扭蛋券」1张。高级卡池扭蛋券将发送至礼物列表
レビュー書き込み,评分
レビュー書き込みで報酬を獲得できます。,评分可获得奖励。
レベル,LV
レ・フィーエ,宝石姬
ログがありません,无数据。
ワールド,世界
ヴェトル,菲托尔
一人目を選択してください,请选择第一名成员。
一度スキル追加したら戻すことはできませんできません。がよろしいですか,技能添加后无法还原。确认添加技能吗？技能添加后无法还原。
一括外し,一键卸下装备
一括外し確認,卸下装备确认
一部コンテンツについて,关于部分内容
上限解放,上限解放
上限解放:低,上限解放：低
上限解放:高,上限解放：高
上限解放する,上限解放
上限解放後の召喚石詳細を見る,查看上限解放后的召唤石详情
上限解放段階:低い順,上限解放阶段：从低到高
上限解放段階:高い順,上限解放阶段：从高到低
上限解放段階が高い装備を素材にしています！<br>また、これを素材にしても上限解放は一段階のみ行われます。<br><br>本当によろしいですか？,素材中含有高阶召唤石！以此为素材只能解放一个阶段。是否继续？
上限解放結果,上限解放结果
不明なエラーです。<br>マイページに戻ります。,出现未知错误，返回主页。
不明なエラーです。<br>ルームに戻ります。,发生未知错误，返回房间。
不正解,回答错误
並び替えて表示する,改变顺序查找
主人公が倒れたため召喚できません。,主人公已倒下，无法召唤
主人公が召喚不可状態<br>のため召喚できません。,主人公当前无法发动召唤。
予期しないエラーにより<br>編成対象に含めることが<br>できませんでした。,发生未知错误，操作失败。
予期しないエラーにより<br>除外することができませんでした。,发生未知错误，操作失败。
予測ダメージ,预测伤害
二人目を選択してください,请选择第二名成员。
交換する,兑换
交換できませんでした。,兑换失败。
交換エラー,兑换错误
交換完了,兑换成功
交換確認,确认兑换
人のフレンドと、<br>,名好友
人の他プレイヤーのサポートに選ばれました。<br><br>報酬として ,名玩家使用了您的召唤支援，获得
人数上限です,人数已满
今日はなにか良いことが起きる予感がしますね～,感觉今天会有好事发生呢~
今日は絶好の冒険日和ですね～,今天很适合冒险哦~
他のプレイヤーにより<br>すでにクエストが設定されています。,其他玩家已设置任务。
他称号を%s個獲得しました,以及其他%s个称号。
以下の%sをエレメントに変換します。,以下%s将被分解
以下の%sを売却しました。,出售以下%s
以下の%sを売却します。<br>よろしいですか？,是否出售以下%s？
以下のアビリティを<br>EXアビリティにセットします。,是否选择该技能作为EX技能？
以下のキャラがパーティに<br>編成されていないため、このクエストを<br>開始することが出来ません。,以下人物不在队伍中，任务无法开始。
以下のキャラがパーティに<br>編成されているため、このクエストを<br>開始することが出来ません。,以下人物在队伍中，任务无法开始。
以下のクエスト開始条件を<br>満たしていないため、このクエストを<br>開始することが出来ません。,未满足以下条件，任务无法开始。
以下のクエスト開始条件を<br>満たしていないため、このクエストを<br>開始することが出来ません。<br><br><div class='ng'><開始条件>,未满足以下开始条件，无法开始任务：<br><br><div class='ng'><開始条件>
以下のプレゼントを<br>まとめて受け取りました,共收取以下礼物
以下の召喚石がパーティに<br>編成されているため、このクエストを<br>開始することが出来ません。,以下召唤石在队伍中，无法参加任务。请整理队伍后重试。
以下の属性キャラがパーティに<br>編成されているため、このクエストを<br>開始することが出来ません。,以下属性的人物在队伍中，任务无法开始。
以下の指定レアリティの条件を<br>満たしていないため、このクエストを<br>開始することが出来ません。,队伍未满足以下稀有度条件，任务无法开始。
以下の指定属性以外のキャラが<br>編成されているため、このクエストを<br>開始することが出来ません。,以下属性以外的人物在队伍中，任务无法开始。
以下の指定種族の条件を<br>満たしていないため、このクエストを<br>開始することが出来ません。,队伍未满足以下指定种族条件，任务无法开始。
以下の条件を満たしていないため、<br>このクエストを開始することができません。,以下条件未满足，任务无法开始。
以下の条件を満たしていないため、<br>このクエストを開始する事ができません。,未满足以下条件，任务无法开始。
仲間にする,招募该伙伴
会員登録をするとニックネームを変更できます。,登录梦宝谷会员后可变更昵称。
何も入力されていません。,输入为空
使用できるメンバーがいません。,没有可以使用该道具的成员
使用アイテム,使用道具
使用アビリティの効果が変更されたため、<br>アビリティレールをリセットしました,技能效果改变，技能槽已清空。
使用上限に達しているため<br>アイテムを使用できませんでした。,使用次数已达上限，无法使用该道具。
使用個数確認,使用个数确认
使用可能,可使用
使用可能: %sターン後,%s回合后可使用
使用済み,已使用
使用確認,确认使用
使用間隔: ,使用间隔: 
依代を複数所持しているため、<br>使用する依代を選択してください。,您持有多件依代，请选择本次使用的依代。
便利設定,快捷设置
保管所について,关于保管所
保護解除,取消保护
保護設定,保护设置
信頼度,信赖度
倉庫,仓库
倉庫TOP,仓库首页
倉庫があれば武器や召喚石を<br>倉庫1つあたり200個まで保管できます<br><br>倉庫は%s、宝晶石で<br>購入することができます,每个仓库能够收纳武器或召唤石共200个<br><br>您可以通过%s或者宝晶石购买仓库
倉庫がいっぱいのため<br>移動できません。,仓库已满，转移失败。
倉庫に戻る,返回仓库
倉庫に移す,转移至仓库
倉庫に移動,转移至仓库
倉庫の名前を<br><br>,仓库名已变更为<br><br>
倉庫へ移動しました,已转移至仓库
倉庫を所持していません,无仓库
倉庫名を変更,变更仓库名
個,个
先の利用から5秒経過すると<br>再度利用可能です。,发送消息后须经5秒<br>进行下一次消息发送。
光属性固定召喚石,光属性支援召唤石
入力確認,确认输入
入団を拒否することができませんでした,拒绝失败
入団を本当に拒否しますか？,是否拒绝入团邀请？
入団待ち,入团申请
入団待ちの人はいません。,无申请入团的玩家。
入団条件設定,入团条件设置
入団申請,入团申请
入団申請依頼を拒否しました。,您已拒绝加入。
入手,获取
入手後の召喚石詳細を見る,查看获取后的召唤石详情
全てのアイテムと交換しました。,您已兑换剩余的全部道具
全ての編成から装備を外します。<br>よろしいですか？,确定从所有队伍中卸下该装备吗？
全ての編成から装備を外します。<br>よろしいですか？<br><br><div class='txt-attention'>※メイン召喚石に装備している<br>場合は外れません</div>,确定从所有队伍中卸下该装备吗？？<div class='txt-attention'>※主召唤石不会自动解除装备</div>
全タイプ,所有类型
公開設定,公开设置
六道武器は最終上限解放を行うことで、<br><span class='txt-caution'>特殊武器強化「真化」を<br>行うことができなくなります。</span><br><br>最終上限解放を行いますか？,六道武器最终上限解放后，无法进行「真化」。是否继续最终上限解放？
六道武器一覧,六道武器一览
六道武器一覧に戻る,返回六道武器一览
共闘,共斗
共闘クエストデイリーミッション,共斗每日任务
共闘クエスト戦績,共斗任务战绩
共闘チャット,共斗聊天
再開確認,继续任务
冒険で手に入れたトレジャーと<br>アイテムの交換ができちゃいます～,在这里可以用冒险中获得的物品<br>和道具兑换商品哦~
冒険をすればするほど<br>その軌跡が形になるそうですよ〜,多多冒险才会形成轨迹哦~
出現装備一覧,查看卡池中出现的所有装备
出現装備一覧に戻る,返回出现装备查看页
出発確認,确认出发
刀/楽器/弓/格闘/銃〜,刀/乐器/弓/格斗/铳〜
分 ,分
初回召喚: ,初次召唤: 
初回限定で10連ガチャが<br>無料で引けます！,您可以免费抽取初回限定10连抽卡！
初回限定ガチャ,初回限定卡池
初心者限定ガチャ出現一覧,新手限定卡池提供装备一览
初心者限定ガチャ提供割合（出現率）,新手限定卡池提供概率
利用制限,关于聊天
制圧力獲得,获得制压力
削除しました。,已删除
削除できませんでした。,删除失败
削除失敗,删除失败
削除完了,删除成功
削除確認,删除确认
剣,剑
剣/短剣/槍/斧/杖〜,剑/短剑/枪/斧/杖〜
加護：,加护
効果:味方全員の攻撃力100%UP,效果：全体攻击力100%UP
効果時間: ,效果时间: 
参加,参加
参加する,参加
参戦メンバーの応援,给战斗中的队友加油
取り消す,取消
受け渡し確認,确认送礼
古戦場の魔物のお出ましだぁ！<br>騎空団の仲間と協力して倒そうぜぇ！,古战场魔兽出现！和骑空团成员一起打败它们吧！
古戦場設定,古战场设置
召喚,召唤
召喚 %s,召唤%s
召喚不可,无法召唤
召喚石,召唤石
召喚石 × %s,召唤 × %s
召喚石おまかせ装備確認,召唤石自动装备
召喚石の所持数が最大に達しているため、<br>入手することができません。<br>所持数に空きを作ることで入手できるようになります。,召唤石数量已满，无法获得新召唤石。请整理后重试。
召喚石を一括装備しました。,召唤石自动装备完毕。
召喚石一覧に戻る,返回召唤石一览
召喚石上限解放,召唤石上限解放
召喚石上限解放TOPに戻る,返回召唤石上限解放首页
召喚石入れ替え,更换召唤石
召喚石強化,召唤石强化
召喚石強化TOPに戻る,返回召唤石强化首页
召喚石移動,转移召唤石
召喚石紹介,召唤石介绍
召喚石装備,召唤石装备
召喚石設定,召唤石设置
召喚石詳細,召唤石详情
召喚：,召唤
台詞集,台词集
台詞集では、<br>イベントストーリーをクリアしていると<br>イベントTOPで表示されていた<br>キャラクター、台詞、音声を楽しむことができます。,若您已经通关全部活动剧情，您可以在台词集中回放活动主页显示的人物、台词、配音。
台詞集解放,台词集解放
同じ騎空団に入団申請を出しています。,该玩家已在您的骑空团。
同一のアビリティを参戦者が使用したため<br>効果が重複する可能性があります。<br>このままアビリティを使用しますか？,已有玩家使用该技能，效果有可能重复。是否继续使用技能？
四象の輝き,四象的光辉
回復するメンバーをタッチしてください。,请点击需要回血的成员。
回復アイテム,回复道具
回復アイテムはこちらですよ～<br>所持数拡張もおススメです～,在这里可以购买回复道具哦~也可以扩大背包容量~
回復量が取得できません,无法回复指定量HP
回数制限に達しているため<br>このクエストを開始することが出来ません。,进行次数已达上限，任务无法开始。
回数制限に達しているため<br>このクエストを開始することが出来ません。<br><br>回数制限は毎日AM5:00に<br>リセットされます。,进行次数已达上限，任务无法开始。<br>每日AM5：00（GMT+9）重置。
団員を解雇,解雇团员
団員を解雇しました。,已移除该团员
団員スカウト,邀请入团
団員人数が上限に達しているため、<br>スカウトできませんでした。<br><br>団員を解雇するか、<br>スカウトを取り下げてください。,团员人数已满，邀请失败。请移除团员，或取消本次邀请。
団長が二週間ログインしなかった為、<br />あなたが団長になりました。<br />団長を他の人に移譲する場合は<br />騎空団管理より行ってください。,原团长已两周未登入，<br />您成为了新团长。<br />若想将团长一职移交他人，<br />请在骑空团管理中设置。
団長任命,任命团长
図鑑,图鉴
図鑑 キャラ一覧に戻る,返回图鉴 人物一览
図鑑 召喚石一覧に戻る,返回图鉴 召唤石一览
図鑑 武器一覧に戻る,返回图鉴 武器一览
図鑑に戻る,返回图鉴
固定召喚石,固定召唤石
固定召喚石選択,选择固定召唤石
土属性固定召喚石,土属性支援召唤石
地下洞窟を脱出せよ！,逃出地下洞窟！
報酬受け取り済み,已收取奖励
報酬受取,奖励收取
売却,出售
売却アイテム,售出道具
売却不可,无法出售
売却価格　<span class='txt-sell-price'>%s</span>ルピ,售出价格　<span class='txt-sell-price'>%s</span>卢比
売却完了,出售成功
売却確認,确认出售
売却結果,出售结果
売却詳細,售出详情
変換する,兑换
変換確認,兑换确认
変更できませんでした。<br>マイページに移動します。,设置失败。返回主页。
変更できるようになりました！<br><br>,可以变更！<br><br>
大事なもの,宝物
大成功したら、シェロちゃんに見せいこう～！<br>うぷぷぷ,大成功的时候要让榭洛也看看哦~！
天地開闢の器 ‐バハムートウェポン誕生‐,天地开辟之器 -巴哈姆特武器诞生-
天地開闢の器に戻る,返回天地开辟之器
天星器一覧に戻る,返回天星器一览
天星器交換チケットを使用できます。,您可以使用天星器兑换券。
奥義,奥义
奥義 %s,奥义 %s
奥義のカットインで使用する<br>POSEを設定できます。,选择发动奥义时显示的POSE。
奥義使用不可,无法使用奥义
奥義：,奥义：
女性キャラからメッセージを受け取るには、<br>性別を男性にする必要があります。,只有性别设置为男性时<br>才能与女性角色进行对话
宝晶原石を %s 個使用します。<br><span class='txt-notice'>宝晶原石を使用すると<br>相手プレイヤーに宝晶石が生まれます。</span><br>よろしいですか？,是否使用 %s 个宝晶原石？<br><span class='txt-notice'>使用宝晶原石后<br>对方玩家将获得宝晶石。</span><br>是否继续？
宝晶原石を使う,使用宝晶原石
宝晶石が足りません<br>所持宝晶石：%s,您的宝晶石不足<br>所持宝晶石：%s
宝晶石ガチャ,宝晶石卡池
宝晶石ショップ,宝晶石商店
宝晶石獲得,获得宝晶石
実行完了,完成
実行確認,确认使用
寄付ルピを入力してください。,请输入您捐赠的金额。
対象クエスト,当前任务
属性:火/水〜,属性:火/水〜
属性:闇/光〜,属性:暗/光〜
属性順:Ａ,属性顺序：A
属性順:Ｂ,属性顺序：B
引換券,兑换券
強制退室,强制退出
強制退室は却下されました。,强制退出请求被拒绝。
強制退室を実行しました。,强制退出执行成功。
強制退室不成立,强制退出请求失败
強制退室完了,强制退出成功
強制退室成立,强制退出请求通过
強制退室承認中,强制退出请求正在审核
強制退室承認依頼,同意强制退出
強制退室確認,强制退出确认
強化,强化
強化する,强化
強化完了,强化完成
強化後の武器詳細を見る,查看强化后的武器详情
強化発動,发动强化效果
強化確認,确认强化
強化結果,强化结果
強化詳細,强化详情
役職の権限,职位权限
役職変更できません。,无法变更职位。
役職設定,职位设置
後です。,后。
復活させるメンバーがいないため、<br>アビリティを使用できませんでした,无可复活的成员，无法发动技能。
必要なRankに達していないため<br>参戦出来ません。,等级不足<br>无法加入战斗。
必要なアイテムが不足しているため<br>このクエストを開始することが出来ません。,所需道具不足，任务无法开始。
必要数分の素材が選択されていません。,素材未选择完全。
必要素材が不足しているため、<br>強化ができません。,素材不足，强化失败。
必要素材が不足しているため、<br>製作ができません。,素材不足，制作失败。
応援,应援
応援する,应援
快適な空の旅への支度は、よろず屋にお任せください～,舒适的旅行，就交给万事屋吧~
性別について,关于性别
性別確認,性别确认
性別設定,性别设置
戦,战
戦力,战力
戦力:低,战力:低
戦力:低い順,战力：从低到高
戦力:高,战力:高
戦力:高い順,战力:从高到低
戦貨,战货
所持ルピ ,所持卢比 
所持ルピ　<span class='txt-held-lupi'>%s</span>ルピ,所持卢比　<span class='txt-held-lupi'>%s</span>卢比
所持ルピ　<span class='txt-lupi-after'>%s</span>ルピ,所持卢比　<span class='txt-lupi-after'>%s</span>卢比
所持ルピ　<span class='txt-lupi-before'>%s1</span> → <span class='txt-lupi-after'>%s2</span>ルピ,所持卢比　<span class='txt-lupi-before'>%s1</span> → <span class='txt-lupi-after'>%s2</span>卢比
所持ルピ　<span class='txt-yellow'>%s</span>ルピ,所持卢比　<span class='txt-yellow'>%s</span>卢比
所持ルピより多く入力されています。,您输入的数值超过您所持卢比总数。
所持上限に達しているので、これ以上所持できません。,所持已达上限，无法收取。
所持数がいっぱいです,您的所持已达上限
所持数がいっぱいのため<br>移動できません。,所持数已满，转移失败。
所持数が不足しているため<br>売却できません。,所持不足，无法出售。
所持数が限界のため、<br>受け取ることが出来ません。,所持已达上限，无法收取。
所持数より多く入力されています。,您输入的数值大于所持数
所持数オーバー,超过所持上限
手に入れた蒼光の輝石と<br>アイテムの交換ができちゃいます〜,在这里可以用苍光辉石兑换道具哦~
承認あり,需确认准备
承認なし,无需确认准备
承認待ち,待通过
投稿によるAP・BPの回復は、1日1回までとなります。<br>回数制限は毎朝AM5:00にリセットされます。,推特分享回复AP·BP一日仅限一次。<br>每日AM5：00（GMT+9）重置。
招待チャットを送信して、報酬GET！！,邀请朋友加入碧蓝幻想，可获奖励！
招待済み,已邀请
挑戦するクエストを設定してください。,请选择要挑战的任务。
挑戦条件を満たしていないため、<br>クエストを開始できません。<br><br>必要Rank: %s以上,未满足挑战条件，任务无法开始。
挨拶,留言板
挨拶(スタンプ),留言（表情）
挨拶が%s件あります。,有%s人在你的主页留言。
挨拶する,留言
挨拶を入力してください。,请输入留言
挨拶を送りました。,留言已发表
探索を終了した場合、チェックポイント以降の<br>進行状況は保存されません。<br><br><div class='txt-lose-attention'>本当に探索を終了しますか？</div>,若结束探索，上一存档点以后的进度将消失。确定结束探索吗？
探索を終了しました。,探索已结束
探索完了,完成探索
探索終了,结束探索
推しキャラ,推荐人物
推しキャラの設定を解除しました。,已解除推荐人物
推しキャラ入れ替え,更换推荐人物
推しキャラ設定,设置推荐人物
推しキャラ設定の解除・入れ替えが<br>現在制限されています。<br>%sまで<br>解除・入れ替えをすることができません。,您在%s前无法解除·更换推荐人物。
推しキャラ選択,选择推荐人物
提供割合,出现概率
撤退,撤退
撤退する,撤退
撤退確認,确认撤退
改造パーツで強化する,使用改造部件强化
攻,攻
攻撃力,攻击力
攻撃力 %s,攻击力 %s
攻撃力:低,攻击力：低
攻撃力:低い順,攻击力：从低到高
攻撃力:高,攻击力：高
攻撃力:高い順,攻击力:从高到低
救援できるマルチバトルは最大3つまでです。,您最多能同时参加3场多人战斗。
救援依頼,救援请求
救援依頼を送りました。,救援请求已发送
救援依頼表示設定,筛选救援请求
救援設定,救援设置
整頓,整顿
敵が<span class'red'>OVERDRIVE</span>した！,敌人<span class'red'>OVERDRIVE</span>！
敵が<span class'yellow'>BREAK</span>した！,敌人<span class'yellow'>BREAK</span>！
敵が倒されたため、<br>このバトルは終了しました。,敌人已经倒下，战斗结束。
敵の弱点属性について,敌方弱点属性
新しい名前が変更前の名前と同じです。,新昵称与就昵称相同。
新アイテム入手,获得新道具
新キャラ獲得条件,新人物获得条件
新着情報,最新资讯
新規POSE追加,解锁新姿态
旅立ち,启程
既にスカウト済みです。,您已向该玩家发出过邀请。
既にバトルは終了しました。<br>未確認バトルをご確認ください。,战斗已结束。<br>请确认尚未确认结果的战斗。
既に入団待ち状態です。,您已向该玩家发出过邀请。
既に全回復しているため<br>アイテムを使用できません。,所有玩家HP已满，无法使用该道具。
既に全回復しているためアイテムを使用できません,所有玩家HP已满，无法使用该道具。
既に同じ騎空団に所属しています。,该玩家已在您的骑空团。
日 ,天
昔に入手,过去获得
昔に入手した順,过去获得
映像設定,显示设置
時間 ,小时
時間切れのため、<br>このバトルは終了しました。,任务超时，战斗结束。
時間経過により%sが回復したため<br>アイテムは消費されませんでした。,%s已回复。道具未消耗。
時限クエスト出現,限时任务出现
景品交換,奖品兑换
更新確認,确认更新
最大AP不足,最大AP不足
最大HP:低い順,最大HP：从低到高
最大HP:高い順,最大HP：从高到低
最大攻撃力,最大攻击力
最大攻撃力:低い順,最大攻击力：从低到高
最大攻撃力:高い順,最大攻击力：从高到低
最近入手,最近获得
最近入手した順,最近获得
期間外のイベントのため選択できません。,活动已结束，无法选择。
期間外イベント,活动已结束。
未取得ジョブ一覧,未获得职业一览
未完了のディールまたは<br>ディール対象バトルが5件あるため<br>このバトルを開始することができません。,您还有未结束的蓝箱分配，或您还有5场掉落蓝箱的战斗未结束，无法开始当前战斗。
未完了のディールまたは<br>ディール対象バトルが5件あるため<br>このバトルを開始することが出来ません。,您还有未结束的蓝箱分配，或您还有5场掉落蓝箱的战斗未结束，无法开始当前战斗。
未承認,未确认
未確定のディールがあります,您有未确认的蓝箱
未確認のイベント共闘バトルがあります。,有未确认结果的活动共斗任务。
未確認のディールがあります,您有未确认的蓝箱
未確認のバトルはありません。,无未确认结果的战斗。
未確認の共闘バトルがあります。,有未确认结果的共斗任务。
未確認バトル,未确认战斗
未確認バトルが%s件以上あるため、<br>クエストの開始・マルチバトルへの<br>参加ができません。<br><br>未確認バトルを確認して下さい。,您有%s场战斗尚未确认结果，无法开始新任务·多人战斗。
未確認バトルがあります。,有未确认结果的战斗。
未解放のクエストだったため<br>クリア報酬とイベントボーナスは<br>得られませんでした。,该任务未解放。您未获得通关奖励与活动加成。
未選択,未选择
本当にフレンドを解除しますか？,确认删除该好友？
本当にリセットしますか？,确认重置卡池吗？
本日の交換%s1数制限　残り%s2%s3,今日的兑换%s1限制 还剩%s2%s3
本日の交換個数制限　残り%s,今日的兑换个数限制 还剩%s
本日の交換個数制限　残り%s個,今日的兑换个数限制 还剩%s个
条件にあうプレゼントが<br>ありませんでした,没有符合条件的礼物
条件にあう召喚石が<br>ありませんでした,没有符合条件的召唤石
条件にあう武器が<br>ありませんでした,没有符合条件的武器
条件設定,条件设置
格闘,格斗
楽しくプレイ,随便玩玩
楽器,乐器
槍,枪
模様替え,变更背景
次のステージに進みますか？,是否前往下一关？
次のバトルへ,前往下一场战斗
次のページへは移動できません,无法前往下一页
次の曲の演奏ができるのは,以下期限后才能重新设置骑空团背景音乐
次の条件を満たすことで<br>フェイトエピソードが解放されます。<br><br><span class='txt-condition'>「%s」クリア</span>,该人物剧情解放条件：<br><br><span class='txt-condition'>「%s」完成</span>
次回予告！,下集预告
正しく数を入力してください。,请输入正确数值。
正解,回答正确
武勲・栄誉の輝き交換,武勋·荣誉的辉光交换
武器,武器
武器、召喚石の各素材と育成アイテムは<br>同時に選択することはできません。,武器、召唤石素材与经验道具无法同时使用。
武器おまかせ装備確認,武器自动装备确认
武器で強化する,使用武器强化
武器のさらなる強化をするために、<br>シェロちゃんの設備拡充に<br>ご協力ください～！,为进一步强化武器，请帮助榭洛扩充设备~！
武器の属性:火/水〜,武器属性:火/水〜
武器の属性:闇/光〜,武器属性:暗/光〜
武器の最大HP:低い順,武器最大HP：从低到高
武器の最大HP:高い順,武器最大HP：从高到低
武器の最大攻撃力:低,武器最大攻击力：低
武器の最大攻撃力:低い順,武器最大攻击力：从低到高
武器の最大攻撃力:高,武器最大攻击力：高
武器の最大攻撃力:高い順,武器最大攻击力：从高到低
武器の種類:刀/楽器〜,武器种类:刀/乐器〜
武器の種類:剣/短剣〜,武器种类:剑/短剑〜
武器を一括装備しました。,武器自动装备完毕。
武器スキルLv:低い順,武器技能LV：从低到高
武器スキルLv:高い順,武器技能LV：从高到低
武器スキル習得,武器技能习得
武器スキル覚醒,武器技能觉醒
武器スキン,武器皮肤
武器スキン設定,设置武器皮肤
武器リストの所持数が最大に達しているため、武器の製作ができません。所持数に空きを作ることで製作できるようになります。,武器数量已满，无法获得新武器。请整理后重试。
武器一覧に戻る,返回武器一览
武器上限解放,武器上限解放
武器上限解放TOPに戻る,返回武器上限解放首页
武器強化,武器强化
武器強化TOPに戻る,返回武器强化TOP
武器強化に戻る,返回武器强化
武器攻撃力,武器攻击力
武器移動,转移武器
武器種,武器种类
武器種順:Ａ,武器顺序：A
武器種順:Ｂ,武器顺序：B
武器紹介,武器介绍
武器装備,武器装备
武器製作に戻る,返回武器制作
武器詳細,武器详情
武器選択,武器选择
残り %s分,剩余 %s分
残り %s分%s秒,剩余 %s分%s秒
残り %s秒,剩余 %s秒
残り%s,还剩%s
残り%s1%s2,还剩%s1%s2
残り%s個,%s个
残り%s回挑戦できます。,还能进行%s次。
水属性固定召喚石,水属性支援召唤石
注意事項,注意事项
注意事項・詳細,注意事项·详情
消費なし,无消耗
準備OK,准备OK
準備OKを宣言しました。,准备OK。
準備OKを宣言しました。<br>クエストの開始を待ちましょう。,准备OK。请等待任务开始。
準備が整ったら準備OKを宣言しましょう。,若准备完毕，请按准备OK键。
準備を取り下げました。,已取消当前任务。
準備取り下げ,取消准备。
準備完了です～<br>張り切っていきましょ～！,准备好了~加油吧~！
火/水/土/風/光/闇,火/水/土/风/光/暗
火属性固定召喚石,火属性支援召唤石
無垢なる魂の回帰,无垢之魂的回归
無垢なる魂の回帰に戻る,返回无垢之魂的回归
無料で10連ガチャが引けます！,可进行免费十连抽卡！
無料ガチャが引けます。,可以进行免费抽卡。
熟練度,熟练度
特別な上限解放,使用失败
特殊武器,特殊武器
獲得したアイテムやルピの所持数が上限に達している場合、<br>自動で期限ありプレゼントに送られます。,当您所持的道具或卢比数量已达上限，<br>战利品将自动发送至限时礼物列表。
獲得アイテム,获得道具
獲得アイテムを清算してクエストを終了します。,清算获得的道具并结束任务。
獲得キャラクター,获得人物
獲得ポイント,获得点数
獲得制圧力,获得制压力
獲得経験値,获得经验值
現在のキャラ数,当前人物总数
現在のジョブです。,您现在的职业
現在のパーティ編成を変更しますか？,是否修改当前队伍？
現在の役職が変更されたため、<br>スカウトできませんでした<br><br>騎空団TOPへ戻ります。,您的职位发生改变，无法发送邀请。返回骑空团首页。
現在の所持召喚石数,当前召唤石总数
現在の所持武器数,当前武器总数
現在他の騎空団からスカウトされているためスカウトできません。<br><br>時間を置いてもう一度スカウトしてください。,该玩家已被其他骑空团邀请。<br><br>请稍后再试。
現在他の騎空団からスカウトされているためスカウトできません。<br><br>時間を置いてもう一度スカウトしてください。<br>,该玩家已被其他骑空团邀请。<br><br>请稍后再试。
現在他の騎空団の入団待ち状態です。,该玩家已被其他骑空团邀请。
現在設定しているスキンです。<br><br>変更したいスキンを選んでください。,这是当前的皮肤。<br><br>请选择您想要显示的皮肤。
用語集,用语集
申請の取り消しに失敗しました。,取消好友申请失败
申請は取り消されました。,好友申请已取消。
申請を取り消しました。,好友申请已取消
申請中,申请中
申請中の騎空団TOPに戻る,返回申请中的骑空团主页
申請中の騎空団id,申请中的骑空艇id
申請人数 %s人,申请人数 %s人
申請取り消し,取消申请
男性キャラからメッセージを受け取るには、<br>性別を女性にする必要があります。,只有性别设置为女性时<br>才能与男性角色进行对话
発動中のよろず屋サポート,发动中的万事屋支援效果
発動中のサポート,发动中的支援效果
発動中のスキル,武器技能
発動中のフィールド効果,发动中的场地效果。
発動中の騎空団サポート,发动中的骑空团支援效果
発動確認,发动确认
登録先編成セット選択,选择预设
登録完了,已添加好友
登録編成の名前を<br>%s<br>に変更しました。,预设队伍名称变更为<br>%s
登録編成名を変更,变更预设队伍名称
短剣,短剑
碧空の結晶,碧空的结晶
確認,确认
確認する,确定
確認できるバトルはありません。,您有未确认结果的战斗。
確認条件,确认条件
禁止ワードが含まれています。,含有敏感词汇。
秒,秒
称号を設定しました。,已设置该称号。
称号・名前変更,变更称号·昵称
称号報酬,称号奖励
称号報酬が獲得出来ます。,有未领取的称号奖励。
称号獲得,获得称号
称号確認,称号确认
称号設定,称号设置
称号設定完了,称号设置成功
移動,转移
移動させる,转移
移動する%sがありませんでした,无符合条件的%s可转移
移動不可,无法移动
移動先倉庫選択,选择目标仓库
移動先選択,选择目的地
移動完了,转移成功
種類:刀/楽器〜,种类：刀/乐器〜
種類:剣/短剣〜,种类：剑/短剑〜
積極的にイベントに参加,古战场警察
空域図,空域图
空域間の移動,选择空域
第2章「操舵士の決意」をクリアすることで<br />ラカムが仲間に加わります。<br />クエストを進行しますか？,完成第2章「操舵士の決意」章节后，拉卡姆将成为新伙伴。<br>是否进行此任务？
第2章クリアでラカムが仲間に！,通关第2章后，拉卡姆将加入队伍！
簡易探索,简易探索
素材がすでに上限解放されています。<br>また、これを素材にしても上限解放は一段階のみ行われます。<br><br>本当によろしいですか？,素材中含有高阶召唤石！以此为素材只能解放一个阶段。是否继续？
素材にできる召喚石がありません,无可供上限解放的素材
素材にできる武器がありません,无可供上限解放的武器
素材キャラを選択してください,请选择素材人物
素材召喚石を選択してください,请选择素材召唤石
素材武器を選択してください,请选择素材武器
素材確認,素材确认
素材詳細,素材详情
紹介文の編集,编辑介绍文
終了してPP獲得,退出并获得PP
終了しているマルチバトルです。<br>マイページに戻ります。,该多人战斗已结束，返回主页。
終了しているマルチバトルです。<br>ルームに戻ります。,该多人战斗已结束，返回房间。
終了確認,确认结束游戏
絞り込んで表示する,筛选
絵柄入れ替え,表情替换
編成,队伍
編成TOPに戻る,返回队伍首页
編成する,选择
編成することができなくなりました,这个已经不能再装备更多了
編成で使用するPOSEを設定できます。,选择队伍显示的POSE。
編成で武器を確認しますか？,是否返回队伍选择主手武器？
編成へ,队伍
編成・詳細,队伍·详情
編成・詳細で使用する<br>POSEを設定できます。,选择队伍·详情页显示的POSE。
編成登録,保存预设
編成確認,选择武器
習得できるリミットアビリティはありません,无可习得的附加能力
習得可能ステータス一覧,查看可习得加成
育成アイテム,经验/上限解放道具
育成アイテム選択,选择上限解放道具
能力リセット,重置能力
能力強化,能力强化
能力強化を行っていません。<br>能力強化は、LBまたはジェムを<br>使用することで行うことができます。,未强化能力。您可以用LB或者晶石来强化能力。
能力強化一覧,能力强化一览
自分が発見したマルチバトルが<br>進行中のため、クエストを設定できません。,您有自发的多人战斗还在进行中，任务设置失败
自動売却・騎空艇の自動強化設定,自动出售·骑空艇自动强化设置
自動売却条件設定,自动出售设置
良い子には贈り物をあげんとな。,是你们这些好孩子应得的。
英雄武器に戻る,返回英雄武器
蒼光の輝石が足りません。,您的苍光辉石不足。
蒼光の輝石交換,苍光辉石兑换
表示・演出設定,显示·动画设置
装備,装备
装備する,装备
装備を外しました。,已卸下当前装备
装備中のメイン武器がありません。,您没有装备主手武器
装備品がプレゼントに送られました。,装备已送往您的礼物列表
装備品のことなら、そう！ビィさんに～<br>なんて……<br>うぷぷぷ,要给阿碧也买一套装备吗？开玩笑啦……呵呵呵
装備品の強化は、今日から頑張りましょう～<br>なんて……うぷぷぷ,从今天起努力强化装备吧~……呵呵呵
装備品の強化も、<br>よろず屋に、よろ～ず！<br>うぷぷぷ,装备强化也交给万事屋吧！呵呵呵
装備品獲得,获得新装备
装備品獲得の確認,确认获得新装备
装備外し,解除装备
装備外し確認,解除装备确认
製作,制作
製作完了,制作完成
製作後の武器詳細を見る,查看制作后的武器详情
製作確認,确认制作
解放される騎空団サポート,解放新的骑空团支援效果
解散,解散
解散完了,解散成功
解散確認,解散确认
解除する,解除
解雇,解雇
解雇する団員がいません。,没有可移除的团员。
計算中,计算中……
討伐章,讨伐张
設備拡充に戻る,返回设备扩充
設定,设置
設定されているアビリティがありません,未设置技能
設定したクエストを取り下げます。<br>よろしいですか？,是否取消当前设置的任务？
設定したクエストを変更します。<br>よろしいですか？,是否变更已选择的任务？
設定しました。,设置完毕
設定する,设置
設定なし,暂无设置
設定の変更,变更设置
設定を外す,解除设置
設定条件,设置条件
該当するアビリティがありません,无技能
該当する報酬がありません。,无奖励
該当の%sが存在しません。,不存在符合条件的%s。
該当騎空団がありません,找不到该成员
詳細,详情
認証を解除しました。,取消绑定
認証完了,认证成功
誕生日が未設定です。,未设置生日
誕生日設定,生日设置
読み込みエラー:e001\nお手数ですが、ページを再読み込みしてください。,读取失败：e001\n请刷新页面。
読み込み中,读取中……
誰でもOK,所有玩家
謎解きクエスト,解谜任务
謎解きトップへ,返回解谜首页
貢献度,贡献度
貴重な武器への交換、製作は<br>こちらでできちゃいます～,在这里能够兑换与制作贵重武器哦~
購入しました。,已购入。
購入できませんでした,购买失败
購入エラー,发生错误
購入完了,购买成功
購入確認,确认购买
贈り物受け取り,接受礼物
超得！！スタートダッシュガチャセットが<br />購入できます。,新手超得！！现在可以购买新手特别扭蛋券！
軌跡の雫,轨迹水滴
軌跡の雫 新着情報,轨迹水滴
軌跡の雫が足りません。,轨迹水滴不足
軌跡の雫ショップ,轨迹水滴商店
輝きはマルチバトルに参加すれば<br>手に入れることができますよ～,辉光可以通过参加多人战斗获得哦~
輝き詳細情報,辉光详情
追加された称号,新称号
退室,退出
退室したプレイヤーを<br>サポーターに設定しているため<br>クエストを開始できません。,房间内有成员选择了已退出玩家的支援召唤石，任务无法开始。
退室したプレイヤーをサポーターに<br>設定しているメンバーがいるため<br>クエストを開始できません。,房间内有成员选择了已退出玩家的支援召唤石，任务无法开始。
退室完了,已退出
退室確認,退出确认
送信完了,已发送
通信に問題が発生したため<br>クエスト結果画面を表示できませんでした。<br>経験値や報酬は正常に獲得しています。<br><br>お手数ですがマイページから<br>ゲームを再開してください。,网络连接出现问题，无法显示任务结果页面。<br>您已正常获得经验值与任务奖励。<br><br>请返回主页重新进入游戏。
通信の処理中です。,数据处理中。
通信中...,连接中…
通信処理を行っています。<br>アイテムは、処理が完了すると<br>プレゼントリストへ贈られます。<br>少し待ってから、プレゼントリストを<br>確認してください。,正在连接。系统将在处理成功后将该道具发往您的礼物列表。请稍后收取。
通信処理中,连接中
通知設定,通知设置
連携確認,绑定确认
連携設定,绑定设置
連続攻撃確率DOWN,连续攻击概率DOWN
進行中のクエストから撤退し、<br>探索を終了しました。,从进行中的任务中撤退，结束探索。
進行中のクエストから撤退しました。,已从当前任务撤退
進行中のクエストから撤退しました。<br><br>未クリアクエストのため、<br>AP%sが返却されました。<br><br>AP: %s→<span class='txt-after-ap'>%s</span>,已从当前任务中撤退。<br><br>任务失败，返还%sAP。
進行中のクエストから離脱しました。,已离开当前任务
進行中のクエストがあります。<br>島を移動するには<br>進行中のクエストから撤退する必要があります。<br><br>クエストから撤退しますか？,您有进行中的任务。前往其他岛屿需要先从当前任务中撤退。<br><br>是否撤退？
進行中のクエストがあります。<br>島を移動する場合はクエストから撤退し<br>途中経過を破棄する必要があります。,您有进行中的任务。前往其他岛屿会自动从任务中撤退。
進行中のマルチバトルがあるので実行できません。,您有进行中的多人战斗，无法开始此任务。
達成報酬,达成奖励
選択された召喚石は保護中のため、<br>ベースとして選択できません。<br><br>保護を外した状態で再度選択してください。,该召唤石在保护中，无法选择。请取消保护后重试。
選択された武器は保護中のため、<br>ベースとして選択できません。<br><br>保護を外した状態で再度選択してください。,该武器已被保护，无法选择。请取消保护后重试。
選択された武器は保護中のため、<br>ベースとして選択できません。<br><br>保護を外しますか？,该武器已被保护，无法选择。<br><br>是否取消保护？
選択された武器は保護中のため、<br>素材として選択できません。<br><br>保護を外した状態で再度選択してください。,该武器已被保护，无法作为素材。请取消保护后重试。
選択された武器は装備中のため、<br>ベースとして選択できません。<br><br>装備を外した状態で選択してください。,该武器在队伍中，无法选择。请解除装备后重试。
選択された武器は装備中のため、<br>素材として選択できません。<br><br>装備を外した状態で選択してください。,该武器在队伍中，无法作为素材。请解除装备后重试。
選択したPOSEによって、バトルのアニメーションや一部エフェクトが変化します。一部特殊な演出のアビリティ使用時はPOSEが反映されない場合があります。,不同的POSE有不同的战斗动画及效果。个别使用特殊动画的技能不会反应您选择的POSE。
選択したPOSEによって、バトルリザルト画面でのリミットボーナスクラス上昇時の演出が連動して変化します。,战斗结果页面的LB级别上升动画按照设置POSE显示。
選択したPOSEによって、バトル中のボイスが変化する場合があります。「バトル中キャラクター」の設定によっては奥義などの演出とボイスが一致しない場合があります。,不同的POSE可能有不同的战斗语音。语音可能与「战斗」一栏所设置的奥义动画不匹配。
選択した倉庫内がいっぱいのため<br>移動できません。,该仓库已满，转移失败。
選択した倉庫内がいっぱいのため、<br>移動できません。,该仓库已满，转移失败
選択中,选择中
選択中のパーティにGuestキャラが編成されているため、このクエストを開始することができません。<br><br>進行中のクエストをクリアまたは撤退することで、開始できるようになります。,该队伍含有Guest人物，无法开始任务。<br><br>请完成进行中的任务或者撤退后开始。
銃,铳
閉じる,关闭
開始ボタンでクエストを開始します。,请按开始键开始任务。
開始条件を満たしていないため<br>このクエストを開始することが出来ません。,未满足开始条件，无法开始任务。
闇,暗
闇/光/風/土/水/火,暗/光/风/土/水/火
闇属性固定召喚石,暗属性支援召唤石
集めた宝晶石で<br>便利なアイテムをゲットです～,用宝晶石购买便利的道具~
離脱,离开
離脱する,离开
離脱確認,离开确认
難易度EXTREMEが解放されました。,EXTREME难度解放。
難易度EXTREMEは、難易度HARDの<br>各ポイントをすべて踏破すると挑戦可能に<br>なります。,EXTREME难度将在HARD难度各路线通关后开启。
難易度HARDが解放されました。,HARD难度解放。
難易度HARDは、難易度NORMALの<br>各ポイントをすべて踏破すると挑戦可能に<br>なります。,HARD难度将在NORMAL难度各路线通关后开启。
難易度「%s1」のクエストを<br>開始しているため<br>難易度「%s2」のクエストを<br>開始することが出来ません。<br><br>制限は毎日AM5:00にリセットされます。,您已进行了「%s1」难度的当前任务，无法再进行「%s2」难度。<br><br>限制将于每天AM5：00重置（GMT+9）。
静かにプレイ,默默肝耘
順番変更,变更顺序
風,风
風属性固定召喚石,风属性支援召唤石
騎空団,骑空团
騎空団 団員リスト,骑空团 团员列表
騎空団%sからのスカウトがあります。,骑空团%s向你发出邀请。
騎空団NEWS,骑空团新闻
騎空団TOP,骑空团主页
騎空団とは？,关于骑空团
騎空団にスカウト,邀请入团
騎空団に入団申請が来ています。,有未处理的骑空团入团申请。
騎空団の名称を変更しました。,骑空团名称已变更。
騎空団の強化はメインクエスト第4章クリア後から<br>「騎空団」に入団することで設定が可能です。,骑空团强化功能将在主线剧情第4章通关、加入「騎空団」后开启。
騎空団の解散,解散骑空团
騎空団を利用するには、<br>第4章 をクリアする必要があります。,骑空团功能将在第4章通关后解放。
騎空団イベント戦績,骑空团活动战绩
騎空団サポート,骑空团支援效果
騎空団サポートが発動しました。,骑空团支援效果已发动
騎空団サポート一覧,骑空团支援效果一览
騎空団サポート発動中,骑空团支援效果发动中
騎空団スカウト受理,接受骑空团邀请
騎空団チャット,骑空团聊天室
騎空団ランキング,骑空团排行榜
騎空団公開設定,骑空团公开设置
騎空団名が入力されていません。<br>騎空団名を入力してください。,骑空团名为空。<br>请输入骑空团名。
騎空団名は10文字以内で入力してください。,请输入10字以内的骑空团名。
騎空団名変更,骑空团名变更
騎空団名称変更完了,变更骑空团名称成功
騎空団員限定,仅骑空团员
騎空団団員リスト（任命）,骑空团团员列表（任命）
騎空団団員リスト（解雇）,骑空团团员列表（解雇）
騎空団情報,骑空团情报
騎空団検索リスト,骑空团成员检索
騎空団検索画面に戻る,返回骑空团搜索页
騎空団申請,骑空团申请
騎空団申請不可,无法申请
騎空団申請取り下げ,取消申请
騎空団管理,骑空团管理
騎空団紹介文を変更しました。,骑空团介绍文已变更
騎空団紹介文変更完了,编辑骑空团介绍文成功
騎空団結成,创建骑空团
騎空艇,骑空艇
騎空艇の自動強化,骑空艇自动强化
騎空艇の購入,购买骑空艇
騎空艇パーツ,骑空艇部件
騎空艇リスト,骑空艇列表
騎空艇強化,骑空团强化
騎空艇詳細,骑空艇详情
（所持数　%s）,（持有数　%s）
ＨＰ:低,HP：低
ＨＰ:低い順,HP从低到高
ＨＰ:高,HP：高
ＨＰ:高い順,HP:从高到低
Ｌｖ:低,LV：低
Ｌｖ:低い順,LV：从低到高
Ｌｖ:高い順,LV：从高到低